DATE,AHEMAN,AHEMAN_PC1,FEDFUNDS,M08297USM548NNBR,PAYEMS,PERMIT,RECPROUSM156N,UEMPMEAN,UNRATE,USREC,Consumer_Expend,Gross_Dom_Income_PC1,Natural_Rate_Unemp,SP_Close,Unemp_Gap
1/1/1960,2.14,4.39024,3.99,386,54274,1092,NA,13.5,5.2,0,664.9726667,6.6165,5.456,55.610001,0.256
2/1/1960,2.14,4.39024,3.97,301,54513,1088,NA,13.1,4.8,0,670.1480765,5.639700541,5.458639645,56.119999,0.658639645
3/1/1960,2.14,3.38164,3.84,301,54454,955,NA,13,5.4,0,672.6475104,5.148877799,5.460847606,55.34,0.060847606
4/1/1960,2.14,2.88462,3.92,293,54813,1016,NA,12.6,5.2,0,673.3606667,4.95555,5.463,54.369999,0.263
5/1/1960,2.14,2.88462,3.85,264,54475,1052,NA,11.9,5.1,1,672.7080803,4.972093161,5.464955762,55.830002,0.364955762
6/1/1960,2.14,2.39234,3.32,272,54348,958,NA,11.9,5.4,1,671.4950269,5.049631511,5.466959667,56.919998,0.066959667
7/1/1960,2.14,2.39234,3.23,339,54306,999,NA,12.6,5.5,1,670.6693333,5.03449,5.469,55.509998,-0.031
8/1/1960,2.13,4.41176,2.98,306,54272,994,NA,12.2,5.6,1,670.7897141,4.796714001,5.471293934,56.959999,-0.128706066
9/1/1960,2.15,3.86473,2.6,274,54227,984,NA,12.9,5.5,1,671.3544786,4.306728517,5.473693645,53.52,-0.026306355
10/1/1960,2.15,4.36893,2.47,332,54142,972,NA,13.5,6.1,1,671.538,3.59114,5.476,53.389999,-0.624
11/1/1960,2.15,3.36538,2.44,396,53961,979,NA,13.9,6.1,1,670.9010465,2.647413763,5.478292687,55.540001,-0.621707313
12/1/1960,2.17,2.35849,1.98,494,53742,951,NA,12.4,6.6,1,670.397325,1.752898561,5.480526095,58.110001,-1.119473905
1/1/1961,2.17,1.40187,1.45,539,53683,969,NA,13.7,6.6,1,671.2883333,1.11811,5.483,61.779999,-1.117
2/1/1961,2.17,1.40187,2.54,478,53557,961,NA,13.6,6.9,1,674.4004208,0.972422362,5.485732091,63.439999,-1.414267909
3/1/1961,2.17,1.40187,2.02,370,53659,1000,NA,14.1,6.9,0,678.0380943,1.162559836,5.488286485,65.059998,-1.411713515
4/1/1961,2.18,1.86916,1.49,365,53627,1002,NA,15.5,7,0,681.2783333,1.54412,5.491,65.309998,-1.509
5/1/1961,2.2,2.80374,1.98,296,53786,1027,NA,15.6,7.1,0,682.5081316,1.943967151,5.49336967,66.559998,-1.60663033
6/1/1961,2.2,2.80374,1.73,278,53977,1070,NA,16.2,6.9,0,683.0337814,2.420781506,5.495686823,64.639999,-1.404313177
7/1/1961,2.2,2.80374,1.17,355,54123,1083,NA,17.3,7,0,684.5913333,3.01949,5.498,66.760002,-1.502
8/1/1961,2.18,2.34742,2,269,54298,1159,NA,17,6.6,0,688.5333598,3.822271029,5.500610232,68.07,-1.099389768
9/1/1961,2.2,2.32558,1.88,255,54388,1098,NA,16.1,6.7,0,693.7337715,4.70912167,5.503354967,66.730003,-1.196645033
10/1/1961,2.22,3.25581,2.26,275,54522,1123,NA,15.9,6.5,0,698.3613333,5.51592,5.506,68.620003,-0.994
11/1/1961,2.23,3.72093,2.61,318,54742,1152,NA,17,6.1,0,701.5286476,6.189752255,5.508630486,71.32,-0.591369514
12/1/1961,2.26,4.14747,2.33,393,54872,1161,NA,15.8,6,0,703.6036975,6.693717478,5.511185767,71.550003,-0.488814233
1/1/1962,2.27,4.60829,2.15,427,54891,1122,NA,15.3,5.8,0,705.759,7.0959,5.514,68.839996,-0.286
2/1/1962,2.26,4.14747,2.37,318,55188,1194,NA,16,5.5,0,708.6734827,7.399402026,5.517087086,69.959999,0.017087086
3/1/1962,2.26,4.14747,2.85,272,55275,1134,NA,15,5.6,0,711.5896041,7.563626502,5.519959655,69.550003,-0.080040345
4/1/1962,2.27,4.12844,2.78,265,55602,1235,NA,14.9,5.6,0,714.4353333,7.58342,5.523,65.239998,-0.077
5/1/1962,2.27,3.18182,2.36,248,55628,1142,NA,15.5,5.5,0,716.359549,7.416079231,5.52565326,59.630001,0.02565326
6/1/1962,2.27,3.18182,2.68,256,55644,1154,NA,15.1,5.5,0,718.0509392,7.090778487,5.528286928,54.75,0.028286928
7/1/1962,2.27,3.18182,2.71,316,55746,1189,NA,14.6,5.4,0,720.1933333,6.68352,5.531,58.23,0.131
8/1/1962,2.25,3.21101,2.93,259,55838,1200,NA,14.5,5.7,0,723.4649736,6.225950198,5.53417389,59.119999,-0.16582611
9/1/1962,2.27,3.18182,2.9,233,55978,1223,NA,14.1,5.6,0,727.1937021,5.796053043,5.537609144,56.27,-0.062390856
10/1/1962,2.28,2.7027,2.9,272,56041,1181,NA,14.1,5.4,0,730.3833333,5.46947,5.541,56.52,0.141
11/1/1962,2.3,3.13901,2.94,312,56056,1236,NA,13.3,5.7,0,732.6170778,5.26418454,5.544424355,62.259998,-0.155575645
12/1/1962,2.31,2.21239,2.93,420,56028,1236,NA,13.6,5.5,0,734.0913222,5.136673695,5.547669847,63.099998,0.047669847
1/1/1963,2.31,1.76211,2.92,444,56115,1248,NA,13.8,5.7,0,735.4996667,4.99504,5.551,66.199997,-0.149
2/1/1963,2.31,2.21239,3,322,56230,1212,NA,14.1,5.9,0,737.3098169,4.791483523,5.554355057,64.290001,-0.345644943
3/1/1963,2.32,2.65487,2.98,270,56320,1258,NA,14.5,5.7,0,739.4422165,4.618946204,5.557450774,66.57,-0.142549226
4/1/1963,2.33,2.64317,2.9,272,56580,1288,NA,14.5,5.7,0,742.44,4.5432,5.561,69.800003,-0.139
5/1/1963,2.33,2.64317,3,237,56616,1350,NA,14.5,5.9,0,745.9394387,4.655748631,5.564581982,70.800003,-0.335418018
6/1/1963,2.34,3.0837,2.99,238,56659,1345,NA,14,5.6,0,749.6017782,4.906356558,5.568361774,69.370003,-0.031638226
7/1/1963,2.34,3.0837,3.02,295,56794,1321,NA,14,5.6,0,752.512,5.19069,5.572,69.129997,-0.028
8/1/1963,2.31,2.66667,3.49,244,56910,1310,NA,13.9,5.4,0,754.4700359,5.454582672,5.575675698,72.5,0.175675698
9/1/1963,2.35,3.52423,3.48,221,57078,1413,NA,14.2,5.5,0,756.2107587,5.689058062,5.579345586,71.699997,0.079345586
10/1/1963,2.35,3.07018,3.5,251,57283,1414,NA,13.9,5.5,0,758.7823333,5.90611,5.583,74.010002,0.083
11/1/1963,2.37,3.04348,3.48,289,57255,1357,NA,13.3,5.7,0,763.1196047,6.134298736,5.586958505,73.230003,-0.113041495
12/1/1963,2.39,3.4632,3.38,412,57361,1423,NA,13.3,5.5,0,768.3060115,6.355008717,5.590903794,75.019997,0.090903794
1/1/1964,2.39,3.4632,3.48,410,57487,1296,NA,13.5,5.6,0,773.6746667,6.57447,5.595,77.040001,-0.005
2/1/1964,2.38,3.0303,3.48,289,57753,1442,NA,13.2,5.4,0,778.3277474,6.780741788,5.599047876,77.800003,0.199047876
3/1/1964,2.38,2.58621,3.43,258,57897,1313,NA,13.5,5.4,0,782.452383,6.9724775,5.602843951,78.980003,0.202843951
4/1/1964,2.4,3.00429,3.47,244,57922,1264,NA,12.4,5.3,0,787.3603333,7.19162,5.607,79.459999,0.307
5/1/1964,2.4,3.00429,3.5,216,58089,1299,NA,13.6,5.1,0,792.9582117,7.42109203,5.611180751,80.370003,0.511180751
6/1/1964,2.41,2.99145,3.5,215,58219,1280,NA,13.6,5.2,0,798.4315186,7.629986813,5.615629403,81.690002,0.415629403
7/1/1964,2.4,2.5641,3.42,273,58412,1304,NA,14.7,4.9,0,801.9043333,7.74831,5.62,83.18,0.72
8/1/1964,2.4,3.8961,3.5,205,58619,1306,NA,13,5,0,802.7262068,7.746642315,5.624514807,81.830002,0.624514807
9/1/1964,2.44,3.82979,3.45,190,58903,1265,NA,12.7,5.1,0,802.6518955,7.667318039,5.628928015,84.18,0.528928015
10/1/1964,2.39,1.70213,3.36,221,58793,1230,NA,12.6,5.1,0,804.1933333,7.58231,5.633,84.860001,0.533
11/1/1964,2.43,2.53165,3.52,274,59218,1254,NA,14,4.8,0,809.1662832,7.535937134,5.636964564,84.419998,0.836964564
12/1/1964,2.45,2.51046,3.85,345,59421,1164,NA,12.7,5,0,815.7748773,7.512334347,5.640782781,84.75,0.640782781
1/1/1965,2.46,2.92887,3.9,352,59582,1264,NA,12.2,4.9,0,822.1273333,7.47328,5.645,87.559998,0.745
2/1/1965,2.46,3.36134,3.98,266,59800,1185,NA,12.6,5.1,0,826.2548614,7.391596302,5.649684475,87.43,0.549684475
3/1/1965,2.48,4.20168,4.04,220,60003,1211,NA,12,4.7,0,828.6795625,7.289205571,5.654134059,86.160004,0.954134059
4/1/1965,2.47,2.91667,4.09,218,60259,1162,NA,11.4,4.8,0,831.1946667,7.16212,5.659,89.110001,0.859
5/1/1965,2.49,3.75,4.1,184,60491,1207,NA,11.1,4.6,0,834.5417074,7.056062493,5.663426201,88.419998,1.063426201
6/1/1965,2.49,3.3195,4.04,188,60690,1241,NA,11.6,4.6,0,839.341304,7.051807925,5.667797811,84.120003,1.067797811
7/1/1965,2.48,3.33333,4.09,243,60965,1237,NA,11.6,4.4,0,845.4766667,7.24734,5.672,85.25,1.272
8/1/1965,2.47,2.91667,4.12,208,61228,1249,NA,11.9,4.4,0,853.3219596,7.707310196,5.676432625,87.169998,1.276432625
9/1/1965,2.51,2.86885,4.01,169,61490,1227,NA,11.9,4.3,0,861.7243063,8.281706764,5.6808607,89.959999,1.3808607
10/1/1965,2.52,5.43933,4.08,185,61719,1279,NA,12.1,4.2,0,869.2453333,8.76014,5.685,92.419998,1.485
11/1/1965,2.53,4.11523,4.1,222,61996,1306,NA,11.7,4.1,0,875.4046175,9.038621461,5.689043114,91.610001,1.589043114
12/1/1965,2.54,3.67347,4.32,286,62322,1315,NA,11.4,4,0,879.5985499,9.180446582,5.692883989,92.43,1.692883989
1/1/1966,2.55,3.65854,4.42,326,62529,1325,NA,11.9,4,0,882.0776667,9.33366,5.697,92.879997,1.697
2/1/1966,2.56,4.06504,4.6,236,62796,1159,NA,11.2,3.8,0,882.8881606,9.601209518,5.70141329,91.220001,1.90141329
3/1/1966,2.56,3.22581,4.65,169,63192,1234,NA,11.1,3.8,0,883.1771656,9.922031118,5.705525271,89.230003,1.905525271
4/1/1966,2.58,4.45344,4.67,164,63437,1145,NA,10.8,3.8,0,884.338,10.31203,5.71,91.059998,1.91
5/1/1966,2.59,4.01606,4.9,150,63712,1078,NA,10.2,3.9,0,887.1942854,10.66343479,5.714092657,86.129997,1.814092657
6/1/1966,2.58,3.61446,5.17,154,64111,956,NA,9.7,3.8,0,891.0700694,10.89815505,5.718139974,84.739998,1.918139974
7/1/1966,2.59,4.43548,5.3,242,64301,932,NA,9.7,3.8,0,894.4363333,10.89484,5.722,83.599998,1.922
8/1/1966,2.58,4.45344,5.53,166,64507,877,NA,9.8,3.8,0,896.5237873,10.59058405,5.726027082,77.099998,1.926027082
9/1/1966,2.62,4.38247,5.4,140,64643,774,NA,10.1,3.7,0,897.5458575,10.10834807,5.730082758,76.559998,2.030082758
10/1/1966,2.64,4.7619,5.53,162,64854,739,NA,10.3,3.7,0,898.1626667,9.63762,5.734,80.199997,2.034
11/1/1966,2.65,4.74308,5.76,204,65019,736,NA,9.7,3.6,0,899.0412574,9.26886838,5.738018849,80.449997,2.138018849
12/1/1966,2.66,4.72441,5.4,295,65199,743,NA,9.5,3.8,0,900.5840649,8.959644912,5.741915285,80.330002,1.941915285
1/1/1967,2.66,4.31373,4.94,297,65407,995,NA,9.3,3.9,0,903.338,8.57367,5.746,86.610001,1.846
2/1/1967,2.67,4.29688,5,264,65429,907,NA,9.2,3.8,0,907.4554958,8.044227943,5.750168187,86.779999,1.950168187
3/1/1967,2.67,4.29688,4.53,237,65530,955,NA,8.9,3.8,0,911.6251057,7.515830925,5.753934055,90.199997,1.953934055
4/1/1967,2.68,3.87597,4.05,241,65466,1035,NA,8.8,3.8,0,915.688,6.99582,5.758,94.010002,1.958
5/1/1967,2.69,3.861,3.94,185,65620,1076,NA,8.7,3.8,0,918.267341,6.651361334,5.761754728,89.080002,1.961754728
6/1/1967,2.7,4.65116,3.98,183,65750,1169,0.98,8.3,3.9,0,919.7176848,6.450466434,5.76548155,90.639999,1.86548155
7/1/1967,2.7,4.2471,3.79,281,65888,1177,0.64,8.3,3.8,0,920.3763333,6.37047,5.769,94.75,1.969
8/1/1967,2.7,4.65116,3.9,181,66143,1229,0.02,8.9,3.8,0,920.8803347,6.381630107,5.772612355,93.639999,1.972612355
9/1/1967,2.73,4.19847,3.99,154,66164,1279,0.3,8.4,3.8,0,922.3750543,6.514160504,5.776289857,96.709999,1.976289857
10/1/1967,2.73,3.40909,3.88,176,66225,1280,0.1,8.7,4,0,926.0086667,6.79435,5.78,93.300003,1.78
11/1/1967,2.75,3.77358,4.13,205,66703,1297,0.06,8.9,3.9,0,932.7328059,7.259064409,5.784035827,94,1.884035827
12/1/1967,2.79,4.88722,4.51,274,66900,1315,0.08,8.6,3.8,0,940.6467383,7.82344018,5.788007376,96.470001,1.988007376
1/1/1968,2.83,6.39098,4.6,312,66804,1179,1.74,9.4,3.7,0,948.2003333,8.4494,5.792,92.239998,2.092
2/1/1968,2.82,5.61798,4.71,224,67215,1342,0.08,8.7,3.8,0,953.6435909,9.049458817,5.79576329,89.360001,1.99576329
3/1/1968,2.84,6.36704,5.05,180,67295,1370,0.08,8.5,3.7,0,957.7379051,9.551835759,5.799204623,90.199997,2.099204623
4/1/1968,2.85,6.34328,5.76,180,67556,1286,0.06,8.7,3.5,0,962.639,9.99518,5.803,97.459999,2.303
5/1/1968,2.88,7.0632,6.11,153,67652,1297,0.04,8.2,3.5,0,968.900283,10.31274075,5.806918048,98.68,2.306918048
6/1/1968,2.88,6.66667,6.07,154,67905,1300,0.04,7.9,3.7,0,975.6598806,10.55028847,5.811076395,99.580002,2.111076395
7/1/1968,2.88,6.66667,6.02,231,68126,1344,0.06,8.4,3.7,0,980.6806667,10.72714,5.815,97.739998,2.115
8/1/1968,2.87,6.2963,6.03,169,68330,1357,0.1,8.3,3.5,0,983.0634145,10.87356686,5.818800116,98.860001,2.318800116
9/1/1968,2.92,6.95971,5.78,137,68484,1464,0.04,8.2,3.4,0,983.9096186,10.93160673,5.82244957,102.669998,2.42244957
10/1/1968,2.94,7.69231,5.91,150,68721,1421,0.06,8.4,3.4,0,985.1043333,10.83856,5.826,103.410004,2.426
11/1/1968,2.96,7.63636,5.82,186,68984,1436,0.02,8.1,3.4,0,988.0992838,10.55541622,5.829830536,108.370003,2.429830536
12/1/1968,2.99,7.16846,6.02,256,69248,1389,0.1,8.2,3.4,0,992.047022,10.19729963,5.833736779,103.860001,2.433736779
1/1/1969,3,6.00707,6.3,271,69439,1459,0.12,8.1,3.4,0,996.0273333,9.87411,5.838,103.010002,2.438
2/1/1969,3,6.38298,6.61,213,69699,1495,0.08,7.9,3.4,0,998.9749541,9.70529008,5.842478939,98.129997,2.442478939
3/1/1969,3.01,5.98592,6.79,170,69905,1438,0.1,7.9,3.4,0,1000.856875,9.679061687,5.846579076,101.510002,2.446579076
4/1/1969,3.03,6.31579,7.41,169,70072,1441,0.26,7.9,3.4,0,1002.452667,9.75487,5.851,103.690002,2.451
5/1/1969,3.04,5.55556,8.67,144.2,70328,1328,0.22,7.9,3.4,0,1003.858229,9.891183405,5.855038254,103.459999,2.455038254
6/1/1969,3.05,5.90278,8.9,156.25,70636,1349,0.08,7.7,3.5,0,1005.441887,10.02071321,5.859070961,97.709999,2.359070961
7/1/1969,3.07,6.59722,8.61,251.25,70729,1278,0.18,7.8,3.5,0,1007.34,10.05419,5.863,91.830002,2.363
8/1/1969,3.08,7.31707,9.19,179.8,71008,1317,0.42,7.9,3.5,0,1009.833741,9.941762987,5.86722285,95.510002,2.36722285
9/1/1969,3.12,6.84932,9.15,144,70914,1263,3.76,8,3.7,0,1012.650597,9.755689702,5.871615083,93.120003,2.171615083
10/1/1969,3.13,6.46259,9,163.25,71121,1216,7.36,7.6,3.7,0,1015.391,9.60706,5.876,97.120003,2.176
11/1/1969,3.14,6.08108,8.85,205,71086,1191,37.2,8,3.5,0,1017.965202,9.546662374,5.880642252,93.809998,2.380642252
12/1/1969,3.17,6.02007,8.97,280,71241,1155,41.58,8,3.5,0,1020.060254,9.471598615,5.885216301,92.059998,2.385216301
1/1/1970,3.17,5.66667,8.98,353.6,71176,1062,52.92,7.9,3.9,1,1021.691333,9.2234,5.89,85.019997,1.99
2/1/1970,3.17,5.66667,8.98,289.5,71305,1118,41.16,8,4.2,1,1022.822658,8.698897895,5.894815865,89.5,1.694815865
3/1/1970,3.19,5.98007,7.76,249.25,71451,1132,40.8,8.3,4.4,1,1024.008132,8.075908732,5.899176686,89.629997,1.499176686
4/1/1970,3.2,5.61056,8.1,297,71348,1224,43.02,8.2,4.6,1,1026.319667,7.36917,5.904,81.519997,1.304
5/1/1970,3.22,5.92105,7.94,250.8,71124,1328,41.38,8.6,4.8,1,1029.930988,6.774511818,5.908647713,76.550003,1.108647713
6/1/1970,3.23,5.90164,7.6,242,71029,1322,39.02,8.6,4.9,1,1033.627137,6.193348416,5.913419673,72.720001,1.013419673
7/1/1970,3.25,5.86319,7.21,340,71053,1324,38.94,8.9,5,1,1035.317333,5.56411,5.918,78.050003,0.918
8/1/1970,3.24,5.19481,6.61,257.2,70937,1394,55.66,8.8,5.1,1,1034.046819,4.79901258,5.922695912,81.519997,0.822695912
9/1/1970,3.3,5.76923,6.29,237.5,70944,1426,74.78,8.9,5.4,1,1032.067058,4.099296832,5.927396621,84.300003,0.527396621
10/1/1970,3.25,3.83387,6.2,278.6,70521,1564,85.6,8.7,5.5,1,1032.506667,3.71009,5.932,83.25,0.432
11/1/1970,3.26,3.82166,5.6,331.75,70409,1502,39.08,9.3,5.9,1,1037.498023,3.765140572,5.936865966,87.199997,0.036865966
12/1/1970,3.35,5.67823,4.9,388.25,70792,1767,0.08,9.8,6.1,0,1044.898632,4.139823324,5.94173741,92.150002,-0.15826259
1/1/1971,3.38,6.62461,4.14,429.4,70865,1643,0.26,10.5,5.9,0,1052.326,4.66303,5.947,95.879997,0.047
2/1/1971,3.39,6.94006,3.72,320.75,70807,1588,1.16,10.4,5.9,0,1057.283457,5.149895169,5.952509131,96.75,0.052509131
3/1/1971,3.39,6.26959,3.71,275.5,70860,1759,0.46,10.6,6,0,1059.975814,5.492851549,5.957551283,100.309998,-0.042448717
4/1/1971,3.42,6.875,4.15,262.5,71036,1745,0.14,10.9,5.9,0,1061.997667,5.71631,5.963,103.949997,0.063
5/1/1971,3.43,6.52174,4.63,237.8,71247,1972,0.08,11.2,5.9,0,1063.932112,5.764349279,5.968002916,99.629997,0.068002916
6/1/1971,3.45,6.81115,4.91,243,71254,1903,0.28,11.6,5.9,0,1066.61199,5.784167238,5.973040325,98.699997,0.073040325
7/1/1971,3.45,6.15385,5.31,334.4,71315,2069,0.8,11.5,6,0,1070.464667,5.95106,5.978,95.580002,-0.022
8/1/1971,3.45,6.48148,5.56,281,71373,2004,0.34,11.5,6.1,0,1076.069288,6.398486214,5.983361267,99.029999,-0.116638733
9/1/1971,3.49,5.75758,5.55,238.25,71614,1996,0.02,11.9,6,0,1082.442497,7.003233093,5.988821835,98.339996,-0.011178165
10/1/1971,3.49,7.38462,5.2,248.6,71642,2026,0.02,12.6,5.8,0,1088.226333,7.56564,5.994,94.230003,0.194
11/1/1971,3.49,7.05521,4.91,290.25,71847,2079,0,12,6,0,1093.049908,7.98387463,5.999103116,93.989998,-0.000896884
12/1/1971,3.58,6.86567,4.14,347.25,72109,2133,0.02,11.5,6,0,1097.354646,8.243104903,6.003929476,102.089996,0.003929476
1/1/1972,3.6,6.50888,3.5,390.4,72441,2238,0.02,12.1,5.8,0,1102.589,8.41028,6.009,103.940002,0.209
2/1/1972,3.61,6.48968,3.29,297.75,72648,2169,0.04,12.4,5.7,0,1109.397382,8.518213833,6.014305998,106.57,0.314305998
3/1/1972,3.63,7.07965,3.83,248,72944,2105,0.04,12.3,5.8,0,1116.460478,8.578232269,6.019436576,107.199997,0.219436576
4/1/1972,3.66,7.01754,4.17,233.8,73162,2139,0.04,12.4,5.7,0,1123.578667,8.60503,6.025,107.669998,0.325
5/1/1972,3.67,6.99708,4.27,217.75,73469,2067,0.08,12.3,5.7,0,1129.280645,8.62095066,6.030371479,109.529999,0.330371479
6/1/1972,3.68,6.66667,4.46,222.25,73758,2183,0.1,12.4,5.7,0,1134.772859,8.743128097,6.035841678,107.139999,0.335841678
7/1/1972,3.68,6.66667,4.55,324.6,73709,2195,0.34,11.8,5.6,0,1140.894,9.09644,6.041,107.389999,0.441
8/1/1972,3.7,7.24638,4.8,218.5,74141,2263,0.06,11.8,5.6,0,1148.944787,9.765204673,6.04615328,111.089996,0.44615328
9/1/1972,3.76,7.73639,4.87,190.2,74264,2393,0.06,12.1,5.5,0,1158.253538,10.49522353,6.051181067,110.550003,0.551181067
10/1/1972,3.77,8.02292,5.04,211.25,74674,2354,0.06,11.7,5.6,0,1167.667,10.95383,6.056,111.580002,0.456
11/1/1972,3.79,8.59599,5.06,249,74973,2234,0.06,11.4,5.3,0,1176.919062,10.96138754,6.060997614,116.669998,0.760997614
12/1/1972,3.86,7.82123,5.33,314.6,75268,2419,0.08,11.4,5.2,0,1184.279779,10.71186543,6.065881473,118.050003,0.865881473
1/1/1973,3.88,7.77778,5.94,337,75617,2271,0.06,11,4.9,0,1188.985667,10.49231,6.071,116.029999,1.171
2/1/1973,3.87,7.20222,6.58,255.75,76014,2226,0.1,10.5,5,0,1190.05582,10.54396031,6.076194762,111.68,1.076194762
3/1/1973,3.88,6.88705,7.09,214.8,76284,2062,0.44,10.6,4.9,0,1189.249599,10.76776675,6.080889127,111.519997,1.180889127
4/1/1973,3.91,6.8306,7.12,215.25,76455,1908,0.42,10,5,0,1188.449667,11.07707,6.086,106.970001,1.086
5/1/1973,3.93,7.08447,7.84,197.75,76648,1931,0.22,10.1,4.9,0,1189.270775,11.32269808,6.090786553,104.949997,1.190786553
6/1/1973,3.95,7.33696,8.49,200.4,76887,2051,0.24,9.6,4.9,0,1191.103459,11.4745847,6.095554652,104.260002,1.195554652
7/1/1973,3.97,7.88043,10.4,275.75,76913,1819,0.16,9.6,4.8,0,1192.632667,11.49743,6.1,108.220001,1.3
8/1/1973,3.97,7.2973,10.5,224.25,77168,1809,0.26,9.8,4.8,0,1192.924056,11.37407811,6.10443656,104.25,1.30443656
9/1/1973,4.04,7.44681,10.78,184.2,77276,1704,0.18,9.4,4.8,0,1191.701259,11.11395815,6.108787562,108.43,1.308787562
10/1/1973,4.04,7.1618,10.01,206.25,77607,1411,0.18,10.2,4.6,0,1189.075667,10.75122,6.113,108.290001,1.513
11/1/1973,4.07,7.38786,10.03,251.25,77920,1402,0.4,9.9,4.8,0,1185.111362,10.29432257,6.117410954,95.959999,1.317410954
12/1/1973,4.12,6.73575,9.95,374.8,78031,1288,19.52,9.5,4.9,1,1181.186119,9.851644514,6.121678734,97.550003,1.221678734
1/1/1974,4.12,6.18557,9.65,456.75,78100,1331,22.5,9.5,5.1,1,1178.437333,9.48821,6.126,96.57,1.026
2/1/1974,4.12,6.45995,8.97,372,78254,1360,18.74,9.6,5.2,1,1178.090736,9.293187426,6.13017427,96.220001,0.93017427
3/1/1974,4.15,6.95876,9.35,296,78296,1440,16.84,9.7,5.1,1,1179.598118,9.246679991,6.133877543,93.980003,1.033877543
4/1/1974,4.16,6.39386,10.51,264.25,78382,1254,16.76,9.8,5.1,1,1182.680333,9.2999,6.138,90.309998,1.038
5/1/1974,4.24,7.88804,11.31,244,78549,1138,16.28,9.6,5.1,1,1186.250167,9.405323371,6.142063965,87.279999,1.042063965
6/1/1974,4.29,8.60759,11.93,256.4,78604,1086,28.88,9.7,5.4,1,1188.67426,9.462539626,6.146210038,86,0.746210038
7/1/1974,4.32,8.81612,12.92,339.75,78636,1002,42.86,9.9,5.5,1,1187.760667,9.35188,6.15,79.309998,0.65
8/1/1974,4.35,9.57179,12.01,289.2,78619,917,74.8,9.8,5.5,1,1182.332829,8.98223366,6.153565615,72.150002,0.653565615
9/1/1974,4.43,9.65347,11.34,271.5,78610,840,79.82,9.6,5.9,1,1175.224066,8.416477702,6.156879871,63.540001,0.256879871
10/1/1974,4.47,10.64356,10.06,341,78630,824,92.28,9.9,6,1,1170.399,7.77651,6.16,73.900002,0.16
11/1/1974,4.49,10.31941,9.45,463.2,78265,783,99.72,9.6,6.6,1,1170.346006,7.103310279,6.163268814,69.970001,-0.436731186
12/1/1974,4.56,10.67961,8.53,705,77652,869,99.74,10.1,7.2,1,1174.156289,6.469107867,6.16652105,68.559998,-1.03347895
1/1/1975,4.56,10.67961,7.13,807.25,77293,726,99.56,10.7,8.1,1,1180.215667,5.84868,6.17,76.980003,-1.93
2/1/1975,4.58,11.16505,6.24,641.25,76918,729,99.44,11.7,8.1,1,1186.829725,5.288244655,6.173583942,81.589996,-1.926416058
3/1/1975,4.62,11.3253,5.54,521.4,76648,709,93.5,11.8,8.6,1,1192.909339,4.877802298,6.176759738,83.360001,-2.423240262
4/1/1975,4.62,11.05769,5.49,471.5,76460,866,19.94,12.9,8.8,0,1199.628667,4.58515,6.18,87.300003,-2.62
5/1/1975,4.64,9.43396,5.22,402.6,76624,914,3.2,13.4,9,0,1205.945627,4.504748303,6.182735251,91.150002,-2.817264749
6/1/1975,4.67,8.85781,5.55,425,76521,946,0.58,15.3,8.8,0,1211.896156,4.61430698,6.18536161,95.190002,-2.61463839
7/1/1975,4.7,8.7963,6.1,482.25,76770,1020,0.14,15,8.6,0,1216.678333,4.87555,6.188,88.75,-2.412
8/1/1975,4.72,8.50575,6.14,388.6,77153,994,0.1,15.6,8.4,0,1220.507776,5.28916958,6.191027171,86.879997,-2.208972829
9/1/1975,4.79,8.12641,6.24,337.5,77228,1064,0.1,16.1,8.4,0,1224.425032,5.894807606,6.194157686,83.870003,-2.205842314
10/1/1975,4.8,7.38255,5.82,363.5,77540,1096,0.1,15.4,8.4,0,1229.761667,6.72192,6.197,89.040001,-2.203
11/1/1975,4.83,7.57238,5.22,397,77685,1110,0.08,16.6,8.3,0,1237.765606,7.835347198,6.199538183,91.239998,-2.100461817
12/1/1975,4.9,7.45614,5.2,494.75,78017,1091,0.08,16.5,8.2,0,1246.468855,8.984640337,6.201746183,90.190002,-1.998253817
1/1/1976,4.92,7.89474,4.87,549.4,78503,1195,0.08,16.6,7.9,0,1254.349333,10.01208,6.204,100.860001,-1.696
2/1/1976,4.94,7.86026,4.77,390.75,78816,1190,0.12,16.3,7.7,0,1259.568103,10.69016802,6.206392021,99.709999,-1.493607979
3/1/1976,4.97,7.57576,4.84,338.25,79048,1164,0.16,16.5,7.6,0,1262.80017,11.0225753,6.20867155,102.769997,-1.39132845
4/1/1976,4.98,7.79221,4.82,331.75,79292,1132,0.16,15.9,7.7,0,1265.89,11.12043,6.211,101.639999,-1.489
5/1/1976,5.03,8.40517,5.29,317.4,79312,1194,0.14,15,7.4,0,1269.6162,11.02868265,6.213045446,100.18,-1.186954554
6/1/1976,5.06,8.35118,5.48,334.75,79376,1188,0.18,16.9,7.6,0,1274.245975,10.82624862,6.215040813,104.279999,-1.384959187
7/1/1976,5.1,8.51064,5.31,424,79547,1245,0.14,15.7,7.8,0,1279.218,10.61113,6.217,103.440002,-1.583
8/1/1976,5.13,8.68644,5.29,330.75,79704,1309,0.12,15.6,7.8,0,1284.629289,10.428627,6.219139429,102.910004,-1.580860571
9/1/1976,5.22,8.97704,5.25,312,79892,1481,0.14,15.2,7.6,0,1290.238638,10.23175033,6.221232172,105.239998,-1.378767828
10/1/1976,5.2,8.33333,5.02,355.2,79911,1425,0.34,15.2,7.7,0,1295.815667,9.94898,6.223,102.900002,-1.477
11/1/1976,5.25,8.69565,4.95,387.25,80240,1531,0.12,15.3,7.8,0,1301.601626,9.531377154,6.224429838,102.099998,-1.575570162
12/1/1976,5.34,8.97959,4.65,473.5,80448,1511,0.12,15.1,7.8,0,1306.765619,9.167465612,6.225636225,107.459999,-1.574363775
1/1/1977,5.37,9.14634,4.61,589.4,80690,1466,0.58,15.2,7.5,0,1311.089333,9.05016,6.227,102.029999,-1.273
2/1/1977,5.36,8.50202,4.68,509.5,80988,1560,0.14,14.7,7.6,0,1314.045354,9.33651142,6.228687121,99.82,-1.371312879
3/1/1977,5.4,8.65191,4.69,330.25,81391,1660,0.12,14.5,7.4,0,1316.022015,9.796972455,6.230328018,98.419998,-1.169671982
4/1/1977,5.44,9.23695,4.73,319.6,81728,1660,0.1,14.4,7.2,0,1318.198667,10.29335,6.232,98.440002,-0.968
5/1/1977,5.48,8.94632,5.35,308.25,82088,1668,0.1,14.9,7,0,1320.987364,10.58444512,6.233264372,96.120003,-0.766735628
6/1/1977,5.53,9.28854,5.39,305.5,82488,1752,0.1,14.4,7.2,0,1325.085876,10.75180319,6.234249482,100.480003,-0.965750518
7/1/1977,5.57,9.21569,5.42,394.8,82834,1687,0.12,14.3,6.9,0,1330.663,10.90591,6.235,98.849998,-0.665
8/1/1977,5.57,8.577,5.9,319.5,83075,1780,0.14,13.9,7,0,1338.105324,11.14783986,6.235672376,96.769997,-0.764327624
9/1/1977,5.67,8.62069,6.14,282.75,83532,1674,0.08,14,6.8,0,1345.532671,11.42366748,6.236321703,96.529999,-0.563678297
10/1/1977,5.69,9.42308,6.47,307.6,83800,1758,0.08,13.7,6.8,0,1350.67,11.64259,6.237,92.339996,-0.563
11/1/1977,5.73,9.14286,6.51,342.75,84173,1771,0.22,13.6,6.8,0,1352.719035,11.76612705,6.237783924,94.830002,-0.562216076
12/1/1977,5.8,8.61423,6.56,455,84410,1754,0.86,13.6,6.4,0,1354.045155,11.84686177,6.238493425,95.099998,-0.161506575
1/1/1978,5.85,8.93855,6.7,520.75,84594,1740,11.06,12.9,6.4,0,1358.258,11.98173,6.239,89.25,-0.161
2/1/1978,5.86,9.32836,6.78,428,84948,1736,0.24,12.5,6.3,0,1367.596664,12.23026831,6.239158725,87.040001,-0.060841275
3/1/1978,5.88,8.88889,6.79,321,85460,1799,0.02,12.4,6.3,0,1377.901458,12.49986337,6.239105395,89.209999,-0.060894605
4/1/1978,5.92,8.82353,6.89,288.2,86162,1948,0,12.3,6.1,0,1387.295667,12.75992,6.239,96.830002,0.139
5/1/1978,5.95,8.57664,7.36,270.25,86509,1766,0.2,12.1,6,0,1391.468842,12.9057238,6.238980266,97.239998,0.238980266
6/1/1978,5.99,8.31826,7.6,279.5,86950,1983,0.08,12.1,5.9,0,1392.466893,12.96046963,6.239007269,95.529999,0.339007269
7/1/1978,6.06,8.79713,7.81,390.8,87204,1786,0.12,12,6.2,0,1393.121,12.95466,6.239,100.68,0.039
8/1/1978,6.04,8.43806,8.04,313.25,87483,1691,0,11.4,5.9,0,1395.783876,12.93099011,6.238876868,103.290001,0.338876868
9/1/1978,6.16,8.64198,8.45,252,87621,1751,0.1,11.4,6,0,1399.973249,12.96301419,6.238560552,102.540001,0.238560552
10/1/1978,6.21,9.13884,8.96,288,87956,1781,0.08,11.7,5.8,0,1404.362667,13.12398,6.238,93.150002,0.438
11/1/1978,6.27,9.42408,9.76,320.75,88391,1795,0.04,11.1,5.9,0,1408.210251,13.44291542,6.2371232,94.699997,0.3371232
12/1/1978,6.36,9.65517,10.03,441.2,88671,1818,0.28,10.6,6,0,1410.728459,13.68864712,6.236095937,96.110001,0.236095937
1/1/1979,6.38,9.05983,10.07,537.5,88808,1461,1.92,11.1,5.9,0,1411.636333,13.59959,6.235,99.93,0.335
2/1/1979,6.41,9.38567,10.06,397.5,89055,1492,0.58,11.2,5.9,0,1410.79289,12.99633792,6.233979291,96.279999,0.333979291
3/1/1979,6.45,9.69388,10.09,323,89479,1720,0.94,11.7,5.8,0,1409.905925,12.25502051,6.233074806,101.589996,0.433074806
4/1/1979,6.43,8.61486,10.01,379,89417,1597,19.1,11,5.8,0,1410.719667,11.59988,6.232,101.760002,0.432
5/1/1979,6.51,9.41176,10.24,291,89789,1684,1.28,11.1,5.6,0,1414.532319,11.40257704,6.230813968,99.080002,0.630813968
6/1/1979,6.54,9.18197,10.29,321,90108,1640,1.62,10.4,5.7,0,1419.982271,11.47792159,6.229442726,102.910004,0.529442726
7/1/1979,6.59,8.74587,10.47,441.5,90217,1534,2.54,10.3,5.7,0,1424.447333,11.54227,6.228,103.809998,0.528
8/1/1979,6.57,8.77483,10.94,357.5,90300,1591,3.2,10.6,6,0,1426.550508,11.38359664,6.22641116,109.32,0.22641116
9/1/1979,6.68,8.44156,11.43,304,90327,1638,2.04,10.5,5.9,0,1427.16631,11.07344947,6.224725415,109.32,0.324725415
10/1/1979,6.7,7.8905,13.77,352.25,90481,1481,1.7,10.5,6,0,1427.991667,10.77067,6.223,101.82,0.223
11/1/1979,6.75,7.6555,13.18,386,90573,1276,2.18,10.6,5.9,0,1429.911124,10.56663501,6.221113692,106.160004,0.321113692
12/1/1979,6.85,7.7044,13.78,533,90672,1254,3.42,10.8,6,0,1430.349455,10.45182904,6.219166053,107.940002,0.219166053
1/1/1980,6.84,7.21003,13.82,635.25,90800,1280,6.14,10.4,6.3,0,1425.950333,10.36201,6.217,114.160004,-0.083
2/1/1980,6.88,7.33229,14.13,449.25,90883,1199,34.34,10.6,6.3,1,1414.843909,10.24253067,6.214670956,113.660004,-0.085329044
3/1/1980,6.94,7.5969,17.19,401.8,90994,988,83.48,11,6.3,1,1402.64426,10.04609643,6.212411139,102.089996,-0.087588861
4/1/1980,6.97,8.39813,17.61,490.75,90849,808,99.52,11.4,6.9,1,1393.836667,9.68243,6.21,106.290001,-0.69
5/1/1980,7.01,7.68049,10.98,511.6,90420,861,99.46,10.9,7.5,1,1393.860153,9.169090008,6.207729264,111.239998,-1.292270736
6/1/1980,7.08,8.25688,9.47,541.25,90101,1118,89.3,11.3,7.6,1,1400.405198,8.680760583,6.205378234,114.239998,-1.394621766
7/1/1980,7.16,8.64947,9.03,606,89840,1259,31.52,11.8,7.8,1,1409.126333,8.50308,6.203,121.669998,-1.597
8/1/1980,7.18,9.28463,9.61,454.4,90099,1367,0.56,12.4,7.7,0,1417.199227,8.79167975,6.200369054,122.379997,-1.499630946
9/1/1980,7.3,9.28144,10.87,383,90213,1484,0.1,12.9,7.5,0,1423.604646,9.341606876,6.197636731,125.459999,-1.302363269
10/1/1980,7.37,10,12.81,391.5,90490,1366,0.1,13.1,7.5,0,1428.164667,9.82563,6.195,127.470001,-1.305
11/1/1980,7.47,10.66667,15.85,412.2,90747,1383,0.12,13.6,7.5,0,1431.18299,10.04780544,6.192351487,140.520004,-1.307648513
12/1/1980,7.58,10.65693,18.9,515,90943,1249,0.52,13.7,7.2,0,1432.660311,10.06850762,6.189782087,135.759995,-1.010217913
1/1/1981,7.61,11.25731,19.08,613.6,91033,1221,1.66,14.3,7.5,0,1432.949,10.04165,6.187,129.550003,-1.313
2/1/1981,7.62,10.75581,15.93,450.25,91105,1199,1.44,14.1,7.4,0,1432.400834,10.0972357,6.184005033,131.270004,-1.215994967
3/1/1981,7.68,10.66282,14.7,380,91210,1183,0.7,14,7.4,0,1432.077894,10.25137224,6.181173932,136,-1.218826068
4/1/1981,7.76,11.33429,15.72,378.25,91283,1190,0.88,13.9,7.2,0,1433.053333,10.55129,6.178,132.809998,-1.022
5/1/1981,7.8,11.26961,18.52,338.8,91296,1173,0.62,13.6,7.5,0,1435.89224,10.94090387,6.174971556,132.589996,-1.325028444
6/1/1981,7.85,10.87571,19.1,378.5,91490,976,0.9,13.7,7.5,0,1438.952426,11.2261423,6.171905389,131.210007,-1.328094611
7/1/1981,7.89,10.19553,19.04,464,91601,935,2.8,13.8,7.2,0,1439.682333,11.13148,6.169,130.919998,-1.031
8/1/1981,7.9,10.02786,17.82,387,91565,889,39.26,14.4,7.4,1,1436.661289,10.48206813,6.166044175,122.790001,-1.233955825
9/1/1981,8.03,10,15.87,377.75,91477,847,79.16,13.6,7.6,1,1432.237166,9.497738699,6.163045366,116.18,-1.436954634
10/1/1981,8.04,9.09091,15.08,445.8,91380,731,91.74,13.5,7.9,1,1429.834667,8.53189,6.16,121.889999,-1.74
11/1/1981,8.08,8.166,13.31,518.5,91171,748,95.56,13.1,8.3,1,1431.605007,7.767144669,6.15664756,126.349998,-2.14335244
12/1/1981,8.14,7.38786,12.37,682.25,90895,796,95.7,13.1,8.5,1,1435.880558,7.232951808,6.153329233,122.550003,-2.346670767
1/1/1982,8.29,8.93561,13.22,798.6,90565,794,93.24,13.4,8.6,1,1440.366667,6.80779,6.15,120.400002,-2.45
2/1/1982,8.21,7.74278,14.78,565.75,90563,808,11.48,14.1,8.9,1,1442.927427,6.432119332,6.146886867,113.110001,-2.753113133
3/1/1982,8.24,7.29167,14.68,523.35,90434,891,66.22,14.1,9,1,1443.973098,6.094524101,6.144145581,111.959999,-2.855854419
4/1/1982,8.28,6.70103,14.94,545.45,90150,888,76.98,14.5,9.3,1,1444.754,5.68498,6.141,116.440002,-3.159
5/1/1982,8.32,6.66667,14.45,490.14,90107,953,78.76,14.9,9.4,1,1446.12295,5.23064599,6.137723522,111.879997,-3.262276478
6/1/1982,8.36,6.49682,14.15,509,89865,913,80.2,15.7,9.6,1,1449.121517,4.741938779,6.134245386,109.610001,-3.465754614
7/1/1982,8.41,6.59062,12.59,602.3,89521,1044,81,15.4,9.8,1,1454.439333,4.30528,6.131,107.089996,-3.669
8/1/1982,8.37,5.94937,10.12,529.575,89363,926,80.1,16.2,9.8,1,1462.788961,3.937980641,6.127915702,119.510002,-3.672084298
9/1/1982,8.45,5.23039,10.31,524.95,89183,1042,77.1,16.6,10.1,1,1472.164297,3.659817899,6.124955805,120.419998,-3.975044195
10/1/1982,8.41,4.60199,9.71,579.68,88907,1149,74.64,17.2,10.4,1,1479.916333,3.46926,6.122,133.720001,-4.278
11/1/1982,8.46,4.70297,9.2,594,88786,1229,46.06,17.1,10.8,1,1485.044583,3.354724894,6.118701941,138.529999,-4.681298059
12/1/1982,8.54,4.914,8.95,649.8,88771,1351,20.78,18.1,10.8,0,1488.958507,3.352876565,6.115383168,140.639999,-4.684616832
1/1/1983,8.56,3.25694,8.68,748.72,88990,1426,0.66,19.4,10.4,0,1494.548333,3.50134,6.112,145.300003,-4.288
2/1/1983,8.6,4.7503,8.51,518.575,88917,1471,1.92,19.2,10.4,0,1503.582507,3.818697632,6.108798427,148.059998,-4.291201573
3/1/1983,8.59,4.24757,8.77,451.675,89090,1475,0.06,19.4,10.3,0,1513.649787,4.190598096,6.106025012,152.960007,-4.193974988
4/1/1983,8.62,4.10628,8.8,445.74,89364,1566,0.02,19.5,10.2,0,1524.981333,4.60917,6.103,164.429993,-4.097
5/1/1983,8.64,3.84615,8.63,393.375,89644,1669,0.02,20.5,10.1,0,1534.67309,4.968587072,6.100050361,162.389999,-3.999949639
6/1/1983,8.66,3.58852,8.98,373.475,90021,1769,0.02,20.8,10.1,0,1543.715948,5.382668557,6.096978656,167.639999,-4.003021344
7/1/1983,8.71,3.56718,9.37,424.08,90437,1795,0.02,21.2,9.4,0,1552.327333,5.94679,6.094,162.559998,-3.306
8/1/1983,8.64,3.22581,9.56,361.325,90129,1713,0.18,20,9.5,0,1561.570887,6.772924011,6.090933396,164.399994,-3.409066604
9/1/1983,8.76,3.66864,9.45,317.275,91247,1585,0.02,20.2,9.2,0,1570.285878,7.710852757,6.08789571,166.070007,-3.11210429
10/1/1983,8.77,4.28062,9.48,348.04,91520,1716,0.06,20.2,8.8,0,1577.064667,8.54785,6.085,163.550003,-2.715
11/1/1983,8.84,4.49173,9.34,385.075,91875,1668,0.12,19.7,8.5,0,1581.712191,9.198178219,6.082048892,166.399994,-2.417951108
12/1/1983,8.92,4.44965,9.47,474.32,92230,1627,0.06,19.2,8.3,0,1585.333577,9.638991102,6.079149174,164.929993,-2.220850826
1/1/1984,8.95,4.55607,9.56,545.775,92673,1816,0.04,20.4,8,0,1590.152333,9.95892,6.076,163.410004,-1.924
2/1/1984,8.94,3.95349,9.59,367.075,93157,1987,0.06,19,7.8,0,1597.391519,10.1936764,6.072633052,157.059998,-1.727366948
3/1/1984,8.97,4.42375,9.91,325.4,93429,1725,0.08,19.1,7.8,0,1605.122979,10.35664305,6.069394795,159.179993,-1.730605205
4/1/1984,8.99,4.29234,10.29,339.225,93792,1776,0.06,18.9,7.7,0,1612.43,10.48483,6.066,160.050003,-1.634
5/1/1984,8.99,4.05093,10.32,304.475,94098,1741,0.06,18.8,7.4,0,1617.197892,10.56539672,6.062900526,150.550003,-1.337099474
6/1/1984,9.02,4.15704,11.06,311.64,94479,1814,0.06,18.1,7.2,0,1620.741857,10.55270662,6.059858186,153.179993,-1.140141814
7/1/1984,9.05,3.90356,11.23,402.1,94789,1605,0.06,18,7.5,0,1624.388333,10.38571,6.057,150.660004,-1.443
8/1/1984,9.02,4.39815,11.64,325.125,95032,1530,0.16,17.3,7.5,0,1629.717837,10.02080625,6.05406122,166.679993,-1.44593878
9/1/1984,9.11,3.99543,11.3,306.28,95344,1523,0.1,17,7.3,0,1636.854527,9.555017354,6.051054624,166.100006,-1.248945376
10/1/1984,9.11,3.87685,9.99,371.425,95629,1490,0.18,16.7,7.4,0,1645.431,9.12743,6.048,166.089996,-1.352
11/1/1984,9.18,3.84615,9.43,392.175,95982,1643,0.1,17,7.2,0,1655.657897,8.799384911,6.0446518,163.580002,-1.1553482
12/1/1984,9.27,3.92377,8.38,485.22,96107,1626,0.18,16.8,7.3,0,1665.37922,8.55373636,6.041339538,167.240005,-1.258660462
1/1/1985,9.31,4.02235,8.35,588.575,96372,1660,0.2,15.9,7.3,0,1673.387667,8.3025,6.038,179.630005,-1.262
2/1/1985,9.31,4.1387,8.5,427.35,96503,1662,0.1,15.9,7.2,0,1678.313681,8.00152474,6.034853123,181.179993,-1.165146877
3/1/1985,9.33,4.01338,8.58,360.56,96842,1727,0.1,16.1,7.2,0,1682.137336,7.710003081,6.032096157,180.660004,-1.167903843
4/1/1985,9.37,4.22692,8.27,368,97038,1664,0.28,16.4,7.3,0,1688.75,7.41043,6.029,179.830002,-1.271
5/1/1985,9.36,4.11568,7.97,332.025,97312,1709,0.26,15.3,7.2,0,1699.392267,7.183017074,6.025850048,189.550003,-1.174149952
6/1/1985,9.38,3.99113,7.53,338.18,97459,1716,0.48,15.5,7.4,0,1711.733749,7.03242145,6.022434367,191.850006,-1.377565633
7/1/1985,9.42,4.0884,7.88,415.85,97648,1697,0.5,15.5,7.4,0,1720.825,6.98185,6.019,190.919998,-1.381
8/1/1985,9.36,3.7694,7.9,335.16,97840,1808,0.2,15.3,7.1,0,1724.316848,7.028081295,6.01534767,188.630005,-1.08465233
9/1/1985,9.43,3.51262,7.92,314.2,98045,1916,0.14,15.3,7.1,0,1724.294699,7.119249588,6.011627516,182.080002,-1.088372484
10/1/1985,9.43,3.51262,7.99,355.075,98233,1743,0.32,15.3,7.1,0,1724.547667,7.1851,6.008,189.820007,-1.092
11/1/1985,9.5,3.48584,8.05,393.5,98443,1692,0.14,15.7,7,0,1727.903227,7.174261527,6.004258399,202.169998,-0.995741601
12/1/1985,9.61,3.66775,8.27,488.5,98609,1794,0.1,15.1,7,0,1733.368752,7.077187256,6.000665265,211.279999,-0.999334735
1/1/1986,9.57,2.7927,8.14,578.975,98732,1847,0.12,14.8,6.7,0,1739.617,6.88766,5.997,211.779999,-0.703
2/1/1986,9.57,2.7927,7.86,404.975,98847,1767,0.76,15.2,7.2,0,1745.301723,6.618889328,5.993369213,226.919998,-1.206630787
3/1/1986,9.59,2.78671,7.48,362.18,98934,1780,0.8,14.6,7.2,0,1750.759585,6.354412758,5.989998479,238.899994,-1.210001521
4/1/1986,9.58,2.2412,6.99,359,99121,1858,0.16,14.7,7.1,0,1758.573333,6.09956,5.986,235.520004,-1.114
5/1/1986,9.58,2.35043,6.85,319.36,99248,1797,0.18,14.7,7.2,0,1768.700757,5.936957678,5.981772749,247.350006,-1.218227251
6/1/1986,9.57,2.02559,6.92,332.6,99155,1790,0.46,15.2,7.2,0,1780.081895,5.839593642,5.977248394,250.839996,-1.222751606
7/1/1986,9.59,1.80467,6.56,401.675,99473,1780,0.12,15.2,7,0,1789.683,5.78211,5.973,236.119995,-1.027
8/1/1986,9.54,1.92308,6.17,338.22,99588,1726,0.12,15.5,6.9,0,1796.274141,5.73677648,5.968935987,252.929993,-0.931064013
9/1/1986,9.6,1.80276,5.89,303.625,99934,1686,0.08,15.4,7,0,1799.691537,5.717771176,5.964993086,231.320007,-1.035006914
10/1/1986,9.59,1.69671,5.85,333,100121,1675,0.14,15.2,7,0,1800.66,5.7442,5.961,243.979996,-1.039
11/1/1986,9.65,1.57895,6.04,360.12,100308,1644,0.12,15,6.9,0,1800.187325,5.835706309,5.95647679,249.220001,-0.94352321
12/1/1986,9.71,1.04058,6.91,452.25,100509,1903,0.04,15,6.6,0,1800.091285,5.994074859,5.951841265,242.169998,-0.648158735
1/1/1987,9.7,1.35841,6.43,517.7916,100678,1690,0.72,14.9,6.6,0,1802.457333,6.2355,5.947,274.079987,-0.653
2/1/1987,9.71,1.4629,6.1,372.9365,100919,1689,0.02,14.7,6.6,0,1808.791548,6.547646137,5.942256852,284.200012,-0.657743148
3/1/1987,9.72,1.35558,6.13,316.4925,101164,1704,0.02,14.9,6.6,0,1816.969387,6.837100263,5.937956388,291.700012,-0.662043612
4/1/1987,9.73,1.56576,6.37,311.01775,101499,1601,0.08,14.8,6.3,0,1827.055333,7.09353,5.933,288.359985,-0.367
5/1/1987,9.73,1.56576,6.85,273.4548,101728,1500,0.04,14.9,6.3,0,1836.252053,7.234362139,5.927887677,290.100006,-0.372112323
6/1/1987,9.73,1.67189,6.73,290.0485,101900,1522,0.06,14.9,6.2,0,1843.782413,7.343849007,5.922383315,304,-0.277616685
7/1/1987,9.73,1.45985,6.58,356.452,102247,1516,0.04,14.2,6.1,0,1847.907667,7.51652,5.917,318.660004,-0.183
8/1/1987,9.72,1.88679,6.73,270.274,102420,1511,0.08,14.4,6,0,1848.495797,7.82362874,5.911514277,329.799988,-0.088485723
9/1/1987,9.85,2.60417,7.22,237.95525,102647,1514,0.04,14.2,5.9,0,1848.513278,8.138208085,5.906127102,321.829987,0.006127102
10/1/1987,9.81,2.29406,7.29,262.0388,103138,1447,0.04,14,6,0,1851.817,8.29029,5.901,251.789993,-0.099
11/1/1987,9.87,2.27979,6.69,308.83125,103372,1457,0.04,14,5.8,0,1861.18304,8.189553877,5.895755473,230.300003,0.095755473
12/1/1987,9.94,2.36869,6.77,391.804,103661,1345,0.04,14.2,5.7,0,1873.229267,7.986014551,5.89059375,247.080002,0.19059375
1/1/1988,9.95,2.57732,6.83,501.1118,103753,1244,0.22,14.2,5.7,0,1884.529333,7.87693,5.885,257.070007,0.185
2/1/1988,9.92,2.16272,6.58,338.93825,104214,1438,0.06,14.4,5.7,0,1891.49099,8.02037901,5.879031857,267.820007,0.179031857
3/1/1988,9.95,2.36626,6.58,287.81875,104489,1525,0.1,13.7,5.7,0,1895.195702,8.2899934,5.873233814,258.890015,0.173233814
4/1/1988,10,2.77492,6.87,273.9078,104732,1429,0.08,13.3,5.4,0,1898.442,8.56077,5.867,261.329987,0.467
5/1/1988,10.02,2.98047,7.09,259.977,104962,1444,0.16,13.8,5.6,0,1902.710971,8.676083649,5.861070194,262.160004,0.261070194
6/1/1988,10.03,3.08325,7.51,259.0575,105326,1485,0.1,13.1,5.4,0,1908.523142,8.627740956,5.854979232,273.5,0.454979232
7/1/1988,10.04,3.18602,7.75,340.0252,105550,1439,0.08,13.4,5.4,0,1915.311,8.43349,5.849,272.019989,0.449
8/1/1988,10,2.88066,8.01,262.488,105674,1460,0.08,13.6,5.6,0,1923.165714,8.114309982,5.842650306,261.519989,0.242650306
9/1/1988,10.13,2.84264,8.19,236.9125,106013,1436,0.18,13.6,5.4,0,1930.871905,7.783193414,5.83620781,271.910004,0.43620781
10/1/1988,10.13,3.26198,8.3,254.1804,106276,1516,0.08,13.4,5.4,0,1937.088,7.57156,5.83,278.970001,0.43
11/1/1988,10.2,3.34347,8.35,292.068,106617,1508,0.1,12.6,5.3,0,1941.426772,7.534687641,5.823682243,273.700012,0.523682243
12/1/1988,10.25,3.11871,8.76,397.5206,106898,1501,0.06,12.9,5.3,0,1944.089812,7.537219196,5.817542675,277.720001,0.517542675
1/1/1989,10.26,3.11558,9.12,447.42375,107161,1466,0.16,12.6,5.4,0,1946.075,7.38356,5.811,297.470001,0.411
2/1/1989,10.26,3.42742,9.36,328.0785,107427,1383,0.68,12.4,5.2,0,1948.114035,6.940911063,5.80415287,288.859985,0.60415287
3/1/1989,10.29,3.41709,9.85,306.54225,107621,1214,0.56,12.3,5,0,1950.699984,6.409715136,5.797857398,294.869995,0.797857398
4/1/1989,10.29,2.9,9.84,278.282,107791,1376,0.66,12.5,5.2,0,1955.159,5.87118,5.791,309.640015,0.591
5/1/1989,10.3,2.79441,9.81,269.40525,107913,1381,1.3,12,5.2,0,1961.417164,5.546397383,5.784640063,320.519989,0.584640063
6/1/1989,10.32,2.89133,9.53,279.918,108027,1322,1.22,11.1,5.3,0,1968.476832,5.373158941,5.778232103,317.980011,0.478232103
7/1/1989,10.35,3.08765,9.24,358.7634,108069,1283,1.54,11.8,5.2,0,1974.087,5.27503,5.772,346.079987,0.572
8/1/1989,10.32,3.2,8.99,279.73,108120,1334,0.34,11.4,5.2,0,1977.41099,5.176717698,5.765378307,351.450012,0.565378307
9/1/1989,10.43,2.9615,9.02,259.9274,108369,1314,0.4,11.5,5.3,0,1979.629284,5.102021476,5.758609908,349.149994,0.458609908
10/1/1989,10.4,2.66535,8.84,323.39175,108476,1365,0.38,11.9,5.3,0,1982.666667,5.09236,5.752,340.359985,0.452
11/1/1989,10.45,2.45098,8.55,333.64675,108752,1344,0.14,11.7,5.4,0,1988.04847,5.182336162,5.745183652,345.98999,0.345183652
12/1/1989,10.53,2.73171,8.45,468.236,108836,1422,0.12,11.6,5.4,0,1994.139813,5.376666782,5.738647899,353.399994,0.338647899
1/1/1990,10.52,2.53411,8.23,559.7115,109197,1748,0.26,11.8,5.4,0,1999.352667,5.6934,5.732,329.079987,0.332
2/1/1990,10.61,3.41131,8.24,392.31775,109435,1329,0.08,11.6,5.3,0,2002.09465,6.114630857,5.725474022,331.890015,0.425474022
3/1/1990,10.69,3.88727,8.28,329.3088,109644,1246,0.2,11.7,5.2,0,2003.450106,6.512823426,5.719600464,339.940002,0.519600464
4/1/1990,10.68,3.79009,8.26,326.856,109688,1136,0.8,11.8,5.4,0,2005.443,6.87588,5.713,330.799988,0.313
5/1/1990,10.75,4.36893,8.18,296.496,109839,1067,0.92,11.7,5.4,0,2008.918922,7.06672107,5.706437982,361.230011,0.306437982
6/1/1990,10.79,4.55426,8.29,308.9466,109857,1108,2.58,11.6,5.2,0,2012.415397,7.068437881,5.699576878,358.019989,0.499576878
7/1/1990,10.81,4.44444,8.15,407.25825,109824,1078,8.62,11.9,5.5,0,2013.387667,6.86706,5.693,356.149994,0.193
8/1/1990,10.76,4.26357,8.13,320.9365,109617,1069,15.62,12.2,5.7,1,2010.25846,6.448190116,5.686390308,322.559998,-0.013609692
9/1/1990,10.89,4.41035,8.2,304.2306,109520,976,34.16,12.4,5.9,1,2004.355901,5.867682186,5.679992237,306.049988,-0.220007763
10/1/1990,10.9,4.80769,8.11,374.94575,109367,925,58.04,12.2,5.9,1,1998.070667,5.21432,5.674,304,-0.226
11/1/1990,10.9,4.30622,7.81,436.081,109213,941,62.66,12.4,6.2,1,1992.897806,4.507845918,5.667980393,322.220001,-0.532019607
12/1/1990,11,4.46344,7.31,590.6458,109167,861,60.58,12.5,6.3,1,1990.174595,3.850338828,5.662171709,330.220001,-0.637828291
1/1/1991,10.98,4.37262,6.91,681.74225,109056,786,58.32,12.2,6.4,1,1990.557333,3.25595,5.656,343.929993,-0.744
2/1/1991,10.95,3.20452,6.25,532.08625,108735,853,52.48,12.7,6.6,1,1994.593589,2.794073068,5.64953411,367.070007,-0.95046589
3/1/1991,10.99,2.80636,6.12,476.003,108576,911,34.42,12.9,6.8,1,2000.248095,2.487247245,5.643561475,375.220001,-1.156438525
4/1/1991,11.05,3.46442,5.91,431.62775,108367,916,4.62,13.5,6.7,0,2007.054333,2.25357,5.637,375.339996,-1.063
5/1/1991,11.09,3.16279,5.78,374.545,108251,991,0.56,12.9,6.9,0,2012.659014,2.120769033,5.630859359,389.829987,-1.269140641
6/1/1991,11.13,3.15107,5.9,365.7984,108337,964,0.26,13.7,6.9,0,2016.368447,2.080224825,5.624738355,371.160004,-1.275261645
7/1/1991,11.17,3.33025,5.82,451.9505,108292,973,0.24,13.8,6.8,0,2017.061333,2.1382,5.619,387.809998,-1.181
8/1/1991,11.13,3.43866,5.66,357.1116,108313,944,0.22,13.9,6.9,0,2014.770272,2.308621986,5.61322041,395.429993,-1.28677959
9/1/1991,11.24,3.21396,5.45,327.9805,108338,974,0.22,14,6.9,0,2013.010497,2.626402658,5.607519538,387.859985,-1.292480462
10/1/1991,11.22,2.93578,5.21,369.9185,108357,991,0.6,14.4,7,0,2016.052,3.11326,5.602,392.450012,-1.398
11/1/1991,11.27,3.3945,4.81,451.0398,108297,984,0.72,14.8,7,0,2026.797434,3.803982985,5.596241772,375.220001,-1.403758228
12/1/1991,11.34,3.09091,4.43,586.42275,108330,1061,0.78,15.4,7.3,0,2040.877375,4.514669145,5.590671014,417.089996,-1.709328986
1/1/1992,11.24,2.36794,4.03,681.729,108372,1077,0.36,16.1,7.3,0,2053.799333,5.11116,5.585,408.779999,-1.715
2/1/1992,11.28,3.0137,4.06,480.0672,108313,1146,0.24,16.7,7.4,0,2061.059059,5.427969113,5.579474525,412.700012,-1.820525475
3/1/1992,11.32,3.00273,3.98,408.94275,108368,1082,0.16,17.1,7.4,0,2064.448486,5.504251746,5.574397349,403.690002,-1.825602651
4/1/1992,11.36,2.80543,3.73,384.35175,108523,1054,0.14,17.4,7.4,0,2067.741333,5.42945,5.569,414.950012,-1.831
5/1/1992,11.4,2.79531,3.82,343.5662,108652,1056,0.16,17.8,7.6,0,2073.165297,5.286805194,5.563752105,415.350006,-2.036247895
6/1/1992,11.41,2.51572,3.76,371.10325,108719,1057,0.16,18.2,7.8,0,2080.983576,5.184095044,5.558298802,408.140015,-2.241701198
7/1/1992,11.4,2.05909,3.25,477.15325,108794,1089,0.08,18.1,7.7,0,2089.906,5.24737,5.553,424.209991,-2.147
8/1/1992,11.4,2.42588,3.3,338.6402,108929,1075,0.32,18,7.6,0,2099.604411,5.529561111,5.547522276,414.029999,-2.052477724
9/1/1992,11.48,2.13523,3.22,324.68575,108963,1114,0.16,18.1,7.6,0,2108.446064,5.779925416,5.542107551,417.799988,-2.057892449
10/1/1992,11.44,1.96078,3.1,331.1208,109144,1132,0.12,18.9,7.3,0,2114.815333,5.68287,5.537,418.679993,-1.763
11/1/1992,11.49,1.95209,3.09,364.8535,109277,1118,0.12,17.9,7.4,0,2118.331041,5.042173511,5.53190004,431.350006,-1.86809996
12/1/1992,11.58,2.1164,2.92,415.9085,109499,1176,0.14,19,7.4,0,2120.273131,4.200443824,5.527049086,435.709991,-1.872950914
1/1/1993,11.56,2.84698,3.02,511.7712,109799,1177,0.12,18.3,7.3,0,2122.924,3.539,5.522,438.779999,-1.778
2/1/1993,11.56,2.48227,3.03,360.43875,110047,1148,0.16,18.2,7.1,0,2127.909148,3.408503085,5.516830534,443.380005,-1.583169466
3/1/1993,11.58,2.29682,3.07,336.331,109999,1056,0.78,17.6,7,0,2134.157254,3.60270459,5.512127369,451.670013,-1.487872631
4/1/1993,11.64,2.46479,2.96,327.74975,110302,1104,0.18,17.6,7.1,0,2142.234333,3.88412,5.507,440.190002,-1.593
5/1/1993,11.66,2.2807,3,290.3196,110573,1112,0.1,17.5,7.1,0,2150.47902,4.005982778,5.502211665,450.190002,-1.597788335
6/1/1993,11.66,2.19106,3.04,297.0845,110752,1130,0.1,17.8,7,0,2158.798694,3.997741893,5.497448628,450.529999,-1.502551372
7/1/1993,11.66,2.2807,3.06,367.5046,111057,1174,0.1,17.7,6.9,0,2166.076333,3.9429,5.493,448.130005,-1.407
8/1/1993,11.65,2.19298,3.03,279.2465,111211,1230,0.14,18,6.8,0,2172.475009,3.911648017,5.488544238,463.559998,-1.311455762
9/1/1993,11.8,2.78746,3.09,263.96075,111452,1251,0.06,18.1,6.7,0,2178.53343,3.930381852,5.484182888,458.929993,-1.215817112
10/1/1993,11.76,2.7972,2.99,304.3858,111737,1287,0.02,18.1,6.8,0,2185.091333,4.00747,5.48,467.829987,-1.32
11/1/1993,11.83,2.95909,3.02,340.1145,111990,1357,0.1,18.6,6.6,0,2193.264878,4.153518845,5.475667735,461.790009,-1.124332265
12/1/1993,11.96,3.28152,2.96,402.60925,112319,1461,0.06,18.3,6.5,0,2201.783422,4.340947975,5.47143688,466.450012,-1.02856312
1/1/1994,11.92,3.11419,3.05,527.731,112601,1390,0.08,18.6,6.6,0,2210.084333,4.55734,5.467,481.609985,-1.133
2/1/1994,11.96,3.46021,3.25,372.8035,112785,1269,0.06,19,6.6,0,2216.998986,4.773728899,5.46249151,467.140015,-1.13750849
3/1/1994,11.95,3.19516,3.34,321.743,113248,1342,0.02,19,6.5,0,2222.213014,4.957097321,5.45841973,445.769989,-1.04158027
4/1/1994,11.98,2.92096,3.56,312.5204,113592,1392,0.04,19,6.4,0,2227.280333,5.13549,5.454,450.910004,-0.946
5/1/1994,11.98,2.74443,4.01,306.68125,113928,1396,0.1,19.5,6.1,0,2231.981139,5.270866259,5.44988198,456.5,-0.65011802
6/1/1994,12,2.91595,4.25,296.73575,114242,1357,0.08,18.8,6.1,0,2237.467694,5.352372122,5.44579773,444.269989,-0.65420227
7/1/1994,12,2.91595,4.26,363.1724,114613,1335,0.1,19,6.1,0,2244.263667,5.35414,5.442,458.26001,-0.658
8/1/1994,11.99,2.91845,4.47,275.35175,114902,1377,0.04,18.8,6,0,2253.174886,5.283625737,5.438217031,475.48999,-0.561782969
9/1/1994,12.13,2.79661,4.73,255.95775,115251,1412,0.04,18.7,5.9,0,2262.126439,5.261568772,5.434529704,462.709991,-0.465470296
10/1/1994,12.09,2.80612,4.76,287.811,115464,1397,0,19.3,5.8,0,2268.527,5.42867,5.431,472.350006,-0.369
11/1/1994,12.16,2.78952,5.29,324.75975,115876,1340,0.02,18,5.6,0,2271.319624,5.865149239,5.427343121,453.690002,-0.172656879
12/1/1994,12.25,2.42475,5.45,418.4788,116171,1396,0.02,17.8,5.5,0,2272.234137,6.318413039,5.423764961,459.269989,-0.076235039
1/1/1995,12.22,2.51678,5.53,504.68725,116508,1282,0.1,17.1,5.6,0,2274.173,6.51039,5.42,470.420013,-0.18
2/1/1995,12.24,2.34114,5.92,360.59625,116702,1254,0.36,17,5.4,0,2279.263346,6.221006054,5.416162459,487.390015,0.016162459
3/1/1995,12.25,2.51046,5.98,326.571,116913,1226,0.26,17.3,5.4,0,2285.91322,5.748870846,5.412707828,500.709991,0.012707828
4/1/1995,12.27,2.4207,6.05,318.3282,117076,1259,0.22,17.6,5.8,0,2294.11,5.32499,5.409,514.710022,-0.391
5/1/1995,12.27,2.4207,6.01,316.94775,117056,1271,0.18,17,5.6,0,2301.677245,5.252167688,5.405600349,533.400024,-0.194399651
6/1/1995,12.29,2.41667,6,322.34875,117293,1305,0.12,15.9,5.6,0,2308.787707,5.395077964,5.402224061,544.75,-0.197775939
7/1/1995,12.35,2.91667,5.85,396.5514,117386,1354,0.36,16.5,5.7,0,2314.9,5.52437,5.399,562.059998,-0.301
8/1/1995,12.33,2.8357,5.74,291.4035,117642,1386,0.04,16.2,5.7,0,2320.448942,5.475463511,5.395640905,561.880005,-0.304359095
9/1/1995,12.45,2.63809,5.8,278.1338,117881,1421,0.1,16.2,5.6,0,2325.696955,5.290230079,5.39226207,584.409973,-0.20773793
10/1/1995,12.41,2.64682,5.76,326.67325,118038,1400,0.14,16,5.5,0,2331.048,5.07944,5.389,581.5,-0.111
11/1/1995,12.46,2.46711,5.8,370.2565,118182,1430,0.1,16.4,5.6,0,2337.349009,4.919120977,5.385652625,605.369995,-0.214347375
12/1/1995,12.57,2.61224,5.6,464.6284,118328,1442,0.16,16.3,5.6,0,2344.337449,4.863120826,5.382405749,615.929993,-0.217594251
1/1/1996,12.63,3.35516,5.56,559.4265,118323,1387,0.7,16.1,5.6,0,2352.547,4.9423,5.379,636.02002,-0.221
2/1/1996,12.55,2.53268,5.22,404.25975,118744,1420,0.02,16.4,5.5,0,2361.622271,5.172786627,5.375527273,640.429993,-0.124472727
3/1/1996,12.5,2.04082,5.31,363.9372,119001,1437,0.06,17.3,5.5,0,2370.042312,5.454800373,5.372302865,645.5,-0.127697135
4/1/1996,12.7,3.50448,5.22,331.169,119168,1463,0.04,17.6,5.6,0,2377.855333,5.72939,5.369,654.169983,-0.231
5/1/1996,12.69,3.42298,5.24,294.31,119496,1457,0.02,17,5.6,0,2383.507667,5.896616096,5.366012344,669.119995,-0.233987656
6/1/1996,12.73,3.58015,5.27,306.0394,119778,1429,0.04,17.6,5.3,0,2388.064043,5.990662597,5.363007138,670.630005,0.063007138
7/1/1996,12.76,3.31984,5.4,371.9115,120020,1450,0.14,16.7,5.5,0,2392.251333,6.05196,5.36,639.950012,-0.14
8/1/1996,12.76,3.48743,5.22,269.171,120207,1413,0.06,17.3,5.1,0,2397.302245,6.129742212,5.35666798,651.98999,0.25666798
9/1/1996,12.88,3.45382,5.3,261.46,120418,1392,0.06,16.8,5.2,0,2403.610353,6.254488553,5.353236113,687.330017,0.153236113
10/1/1996,12.81,3.22321,5.24,295.61225,120674,1358,0.04,16.3,5.2,0,2411.306,6.44756,5.35,705.27002,0.15
11/1/1996,12.89,3.45104,5.31,340.699,120969,1412,0.04,15.9,5.4,0,2420.851812,6.726776826,5.346875131,757.02002,-0.053124869
12/1/1996,13.05,3.81862,5.29,449.73925,121152,1411,0.06,15.6,5.4,0,2429.878622,6.990899131,5.343984183,740.73999,-0.056015817
1/1/1997,13.01,3.00871,5.25,523.7265,121372,1382,0.08,16,5.3,0,2436.723333,7.14824,5.341,786.159973,0.041
2/1/1997,12.98,3.42629,5.19,345.11025,121682,1445,0.04,15.8,5.2,0,2439.837745,7.115324195,5.337919816,790.820007,0.137919816
3/1/1997,13.04,4.32,5.39,297.822,121999,1436,0.06,15.5,5.2,0,2442.034288,6.986928401,5.335095015,757.119995,0.135095015
4/1/1997,13.05,2.75591,5.51,305.652,122296,1421,0.1,15.6,5.1,0,2447.693333,6.84381,5.332,801.340027,0.232
5/1/1997,13.05,2.83688,5.5,270.7592,122557,1414,0.06,15.4,4.9,0,2459.047081,6.79356417,5.329083267,848.280029,0.429083267
6/1/1997,13.06,2.5923,5.56,300.381,122825,1402,0.02,15.5,5,0,2474.469494,6.851661678,5.32605897,885.140015,0.32605897
7/1/1997,13.05,2.27273,5.52,357.054,123119,1440,0.02,16.4,4.9,0,2489.396,7.01346,5.323,954.309998,0.423
8/1/1997,13.11,2.74295,5.54,268.181,123099,1449,0.04,16,4.8,0,2501.887568,7.274532583,5.319630297,899.469971,0.519630297
9/1/1997,13.2,2.48447,5.54,240.41975,123594,1494,0.04,15.9,4.9,0,2511.570138,7.558915455,5.316195516,947.280029,0.416195516
10/1/1997,13.26,3.51288,5.5,268.842,123940,1499,0.06,16.1,4.7,0,2519.149667,7.77472,5.313,914.619995,0.613
11/1/1997,13.34,3.49108,5.52,315.812,124246,1469,0.06,15.4,4.6,0,2526.205668,7.877376745,5.309953623,955.400024,0.709953623
12/1/1997,13.45,3.06513,5.5,397.7435,124559,1456,0.08,15.9,4.7,0,2533.910786,7.898339978,5.307095332,970.429993,0.607095332
1/1/1998,13.37,2.7671,5.56,477.555,124823,1555,0.06,15.6,4.6,0,2544.631667,7.9028,5.304,980.280029,0.704
2/1/1998,13.38,3.08166,5.51,330.8285,125024,1647,0.04,15.4,4.6,0,2559.234243,7.940384107,5.300604711,1049.339966,0.700604711
3/1/1998,13.43,2.9908,5.49,292.586,125174,1605,0.1,14.5,4.7,0,2574.014679,7.998530921,5.297420744,1101.75,0.597420744
4/1/1998,13.41,2.75862,5.45,287.19425,125453,1547,0.08,14.7,4.3,0,2589.441,8.07143,5.294,1111.75,0.994
5/1/1998,13.43,2.91188,5.49,260.1958,125855,1554,0.14,14.7,4.4,0,2601.530471,8.128810145,5.290955464,1090.819946,0.890955464
6/1/1998,13.39,2.5268,5.56,313.38725,126087,1551,0.62,14.1,4.5,0,2612.346536,8.13587266,5.287956456,1133.839966,0.787956456
7/1/1998,13.28,1.76245,5.54,372.065,126213,1610,0.4,14.1,4.5,0,2623.208,8.05137,5.285,1120.670044,0.785
8/1/1998,13.4,2.21205,5.55,255.116,126551,1654,0.04,13.7,4.5,0,2636.233141,7.850185856,5.281738269,957.280029,0.781738269
9/1/1998,13.56,2.72727,5.51,232.91725,126764,1577,0.08,14.4,4.6,0,2649.679611,7.605237875,5.278329461,1017.01001,0.678329461
10/1/1998,13.51,1.88537,5.07,272.3648,126968,1719,0.08,14.1,4.5,0,2661.105333,7.41601,5.275,1098.670044,0.775
11/1/1998,13.56,1.64918,4.83,320.41425,127243,1672,0.1,14.5,4.4,0,2670.013128,7.32983362,5.271613522,1163.630005,0.871613522
12/1/1998,13.65,1.48699,4.68,391.03225,127607,1742,0.04,14,4.4,0,2677.587716,7.288453496,5.268368089,1229.22998,0.868368089
1/1/1999,13.61,1.79506,4.63,490.268,127713,1732,0.08,13.4,4.3,0,2686.925333,7.19165,5.265,1279.640015,0.965
2/1/1999,13.62,1.79372,4.76,312.4185,128131,1720,0.04,13.8,4.4,0,2699.568689,6.971723958,5.261581715,1238.329956,0.861581715
3/1/1999,13.68,1.8615,4.81,280.852,128239,1665,0.06,13.4,4.2,0,2712.477848,6.711478154,5.258462821,1286.369995,1.058462821
4/1/1999,13.74,2.46085,4.74,285.2475,128610,1600,0.04,13.3,4.3,0,2726.100667,6.43348,5.255,1335.180054,0.955
5/1/1999,13.78,2.60611,4.74,257.6796,128822,1640,0.08,13.4,4.2,0,2736.975908,6.239284342,5.251662836,1301.839966,1.051662836
6/1/1999,13.83,3.28603,4.76,265.521,129099,1702,0.08,14.3,4.3,0,2746.879191,6.130338099,5.248249787,1372.709961,0.948249787
7/1/1999,13.84,4.21687,4.99,316.9004,129420,1682,0.06,13.6,4.3,0,2756.869667,6.11392,5.245,1328.719971,0.945
8/1/1999,13.87,3.50746,5.07,235.4505,129576,1671,0.1,13.1,4.2,0,2768.995245,6.201326695,5.241695369,1320.410034,1.041695369
9/1/1999,14.05,3.61357,5.22,222.92675,129781,1551,0.26,13.1,4.2,0,2782.801531,6.455533405,5.23835931,1282.709961,1.03835931
10/1/1999,13.98,3.4789,5.2,253.7162,130190,1649,0.06,13.3,4.1,0,2797.263667,6.92916,5.235,1362.930054,1.135
11/1/1999,14.03,3.46608,5.42,284.3115,130479,1672,0.08,12.9,4.1,0,2812.713757,7.661681865,5.231332569,1388.910034,1.131332569
12/1/1999,14.16,3.73626,5.3,351.0635,130786,1683,0.12,12.9,4,0,2827.116425,8.377902412,5.227697,1469.25,1.227697
1/1/2000,14.16,4.04115,5.45,430.1768,131020,1727,0.2,13.1,4,0,2840.236667,8.82761,5.224,1394.459961,1.224
2/1/2000,14.13,3.74449,5.73,304.34,131136,1692,0.26,12.6,4.1,0,2850.780008,8.790696596,5.220477921,1366.420044,1.120477921
3/1/2000,14.17,3.58187,5.85,255.02675,131609,1651,0.08,12.7,4,0,2859.115479,8.535550071,5.217312482,1498.579956,1.217312482
4/1/2000,14.23,3.56623,6.02,246.1184,131900,1597,0.08,12.4,3.8,0,2867.669,8.36985,5.214,1452.430054,1.414
5/1/2000,14.2,3.0479,6.27,241.42175,132118,1543,0.4,12.6,4,0,2876.570093,8.540227238,5.210797882,1420.599976,1.210797882
6/1/2000,14.27,3.18149,6.53,262.426,132079,1572,0.52,12.3,4,0,2886.29666,8.832563774,5.207416578,1454.599976,1.207416578
7/1/2000,14.28,3.17919,6.54,314.495,132247,1542,0.74,13.4,4,0,2895.828333,8.89787,5.204,1430.829956,1.204
8/1/2000,14.3,3.10022,6.5,254.59575,132240,1552,0.94,12.9,4.1,0,2905.35183,8.491081451,5.200285994,1517.680054,1.100285994
9/1/2000,14.45,2.84698,6.52,233.5576,132364,1570,1.16,12.2,3.9,0,2913.935953,7.727465291,5.196521747,1436.51001,1.296521747
10/1/2000,14.48,3.57654,6.51,270.2,132365,1577,4,12.7,3.9,0,2920.735,6.85448,5.193,1429.400024,1.293
11/1/2000,14.55,3.70634,6.51,333.29,132570,1614,5.88,12.4,3.9,0,2925.811027,6.001641511,5.189596795,1314.949951,1.289596795
12/1/2000,14.61,3.17797,6.4,458.1038,132722,1543,10.12,12.5,3.9,0,2929.367596,5.310911181,5.186400343,1320.280029,1.286400343
1/1/2001,14.52,2.54237,5.98,500.976,132712,1699,19.46,12.7,4.2,0,2932.426667,4.8035,5.183,1366.01001,0.983
2/1/2001,14.55,2.9724,5.49,381.06975,132804,1656,23.02,12.8,4.2,0,2935.419519,4.51948221,5.179353049,1239.939941,0.979353049
3/1/2001,14.57,2.82287,5.31,354.2632,132761,1659,27.78,12.8,4.3,0,2937.754192,4.286483978,5.17589767,1160.329956,0.87589767
4/1/2001,14.63,2.81096,4.8,366.95975,132475,1666,31.74,12.4,4.4,1,2939.359667,3.816,5.172,1249.459961,0.772
5/1/2001,14.66,3.23944,4.21,338.17225,132426,1665,32.26,12.1,4.3,1,2939.980354,3.005394537,5.168254261,1255.819946,0.868254261
6/1/2001,14.72,3.15347,3.97,362.9922,132312,1626,32.88,12.7,4.5,1,2942.322738,2.047212499,5.164485272,1224.380005,0.664485272
7/1/2001,14.76,3.36134,3.77,447.49,132187,1598,31.02,12.9,4.6,1,2949.433333,1.33795,5.161,1211.22998,0.561
8/1/2001,14.81,3.56643,3.65,324.8995,132043,1615,28.16,13.3,4.9,1,2963.581655,1.060207169,5.157595864,1133.579956,0.257595864
9/1/2001,14.92,3.2526,3.07,339.9678,131791,1565,27.28,13.2,5,1,2980.337513,1.003667167,5.154276174,1040.939941,0.154276174
10/1/2001,14.88,2.76243,2.49,433.7695,131468,1566,20.42,13.3,5.3,1,2993.536667,0.82117,5.151,1059.780029,-0.149
11/1/2001,15,3.09278,2.09,439.87225,131158,1651,15.9,14.3,5.5,1,3000.032379,0.277314586,5.147434793,1139.449951,-0.352565207
12/1/2001,15.12,3.49076,1.82,543.0546,130997,1680,6.7,14.5,5.7,0,3001.720314,-0.335326985,5.143830389,1148.079956,-0.556169611
1/1/2002,15.09,3.92562,1.73,606.644,130868,1665,2.86,14.7,5.7,0,3002.698667,-0.66889,5.14,1130.199951,-0.56
2/1/2002,15.11,3.8488,1.74,407.06,130752,1787,1.72,15,5.7,0,3006.104306,-0.426101955,5.136125585,1106.72998,-0.563874415
3/1/2002,15.14,3.91215,1.73,375.3954,130732,1691,0.66,15.4,5.7,0,3011.180689,0.112058345,5.132671859,1147.390015,-0.567328141
4/1/2002,15.16,3.62269,1.75,403.42975,130636,1669,0.38,16.3,5.9,0,3018.116,0.7483,5.129,1076.920044,-0.771
5/1/2002,15.2,3.68349,1.75,354.07325,130647,1716,0.22,16.8,5.8,0,3025.347374,1.161347247,5.12565693,1067.140015,-0.67434307
6/1/2002,15.24,3.53261,1.75,352.3018,130695,1758,0.22,16.9,5.8,0,3032.908817,1.401817267,5.122303355,989.820007,-0.677696645
7/1/2002,15.23,3.18428,1.73,424.11525,130604,1738,0.76,16.9,5.8,0,3039.983,1.5462,5.119,911.619995,-0.681
8/1/2002,15.3,3.30858,1.74,319.7228,130603,1695,0.46,16.5,5.7,0,3046.722826,1.677876783,5.115405778,916.070007,-0.584594222
9/1/2002,15.41,3.28418,1.75,323.06625,130524,1803,0.56,17.6,5.7,0,3052.660409,1.778006306,5.111670539,815.280029,-0.588329461
10/1/2002,15.45,3.83065,1.75,369.205,130643,1799,0.56,17.8,5.7,0,3057.453667,1.81152,5.108,885.76001,-0.592
11/1/2002,15.52,3.46667,1.34,403.918,130632,1771,0.36,17.6,5.9,0,3061.511988,1.764026062,5.104222824,936.309998,-0.795777176
12/1/2002,15.65,3.50529,1.24,534.5165,130488,1896,0.88,18.5,6,0,3065.721902,1.689131343,5.100624137,879.820007,-0.899375863
1/1/2003,15.61,3.44599,1.24,580.3915,130596,1808,0.42,18.5,5.8,0,3071.833667,1.65153,5.097,855.700012,-0.703
2/1/2003,15.63,3.44143,1.26,418.65825,130461,1854,0.9,18.5,5.9,0,3080.93197,1.710276486,5.093493664,841.150024,-0.806506336
3/1/2003,15.62,3.17041,1.25,393.4886,130246,1757,0.98,18.1,5.9,0,3091.743476,1.844052637,5.090397434,848.179993,-0.809602566
4/1/2003,15.62,3.0343,1.26,407.39825,130194,1803,0.84,19.4,6,0,3106.331333,2.065,5.087,916.919983,-0.913
5/1/2003,15.64,2.89474,1.26,363.0672,130210,1835,0.08,19,6.1,0,3122.437896,2.340240025,5.083705117,963.590027,-1.016294883
6/1/2003,15.68,2.88714,1.22,393.83375,130209,1875,0.1,19.9,6.3,0,3138.843957,2.696782067,5.080294556,974.5,-1.219705444
7/1/2003,15.68,2.95469,1.01,453.44625,130207,1885,0.12,19.7,6.2,0,3151.895667,3.12508,5.077,990.309998,-1.123
8/1/2003,15.76,3.00654,1.03,325.2968,130167,1966,0.3,19.2,6.1,0,3160.724957,3.647346712,5.073611933,1008.01001,-1.026388067
9/1/2003,15.87,2.98507,1.01,314.275,130279,1961,0.08,19.5,6.1,0,3166.914624,4.163243569,5.070242602,995.969971,-1.029757398
10/1/2003,15.81,2.3301,1.01,346.86125,130473,2012,0.08,19.3,6,0,3173.267333,4.55476,5.067,1050.709961,-0.933
11/1/2003,15.92,2.57732,1,369.296,130490,1918,0.08,19.9,5.8,0,3182.305927,4.776344902,5.063661707,1058.199951,-0.736338293
12/1/2003,16.04,2.49201,0.98,459.8785,130605,1987,0.22,19.8,5.7,0,3192.205424,4.869616671,5.060413061,1111.920044,-0.639586939
1/1/2004,15.97,2.30621,1,502.007,130787,1952,0.18,19.9,5.7,0,3201.502333,4.93084,5.057,1131.130005,-0.643
2/1/2004,15.98,2.23928,1.01,361.29475,130844,1966,0.14,20.1,5.6,0,3208.432399,5.036785699,5.053519941,1144.939941,-0.546480059
3/1/2004,16,2.43278,1,313.078,131156,2066,0.14,19.8,5.8,0,3214.100029,5.209538926,5.050293776,1126.209961,-0.749706224
4/1/2004,16.05,2.75288,1,325.90975,131426,2070,0.12,19.6,5.6,0,3221.421333,5.49766,5.047,1107.300049,-0.553
5/1/2004,16.04,2.55754,1,294.2184,131710,2150,0.14,19.8,5.6,0,3231.30465,5.869109935,5.044032035,1120.680054,-0.555967965
6/1/2004,16.08,2.55102,1.03,315.8465,131807,2020,0.92,20.5,5.6,0,3243.819861,6.196633526,5.041036029,1140.839966,-0.558963971
7/1/2004,16.03,2.23214,1.26,356.8352,131864,2112,0.22,18.8,5.5,0,3257.045333,6.27849,5.038,1101.719971,-0.462
8/1/2004,16.16,2.53807,1.43,276.322,131955,2056,0.12,18.8,5.4,0,3270.680634,6.012396184,5.034593776,1104.23999,-0.365406224
9/1/2004,16.36,3.08759,1.61,271.01825,132112,2041,0.16,19.4,5.4,0,3283.010935,5.601479085,5.031128132,1114.579956,-0.368871868
10/1/2004,16.26,2.8463,1.76,304.2534,132466,2097,0.1,19.5,5.5,0,3292.472,5.34076,5.028,1130.199951,-0.472
11/1/2004,16.32,2.51256,1.93,334.98725,132521,2079,0.26,19.7,5.4,0,3299.109102,5.402446026,5.025190361,1173.819946,-0.374809639
12/1/2004,16.46,2.61845,2.16,416.4055,132644,2082,0.08,19.4,5.4,0,3304.484171,5.612239028,5.022681125,1211.920044,-0.377318875
1/1/2005,16.42,2.81778,2.28,485.5704,132791,2139,0.4,19.5,5.3,0,3311.682667,5.71681,5.02,1181.27002,-0.28
2/1/2005,16.43,2.81602,2.5,312.81775,133050,2114,0.16,19.1,5.4,0,3322.565242,5.515328594,5.017008054,1203.599976,-0.382991946
3/1/2005,16.42,2.625,2.63,305.30625,133172,2062,0.38,19.5,5.2,0,3334.756417,5.171093326,5.01414504,1180.589966,-0.18585496
4/1/2005,16.46,2.55452,2.79,302.215,133536,2150,0.18,19.6,5.2,0,3349.255333,4.79779,5.011,1156.849976,-0.189
5/1/2005,16.5,2.86783,3,288.4845,133706,2085,0.22,18.6,5.1,0,3362.699253,4.588604804,5.008146913,1191.5,-0.091853087
6/1/2005,16.52,2.73632,3.04,295.591,133957,2178,0.2,17.9,5,0,3374.315852,4.507632384,5.005424629,1191.329956,0.005424629
7/1/2005,16.49,2.86962,3.26,337.2376,134314,2203,0.6,17.6,5,0,3381.765667,4.49555,5.003,1234.180054,0.003
8/1/2005,16.59,2.66089,3.5,257.63875,134517,2219,2,18.4,4.9,0,3384.911534,4.517014654,5.000673101,1220.329956,0.100673101
9/1/2005,16.65,1.77262,3.62,308.15975,134583,2263,10.64,17.9,5,0,3386.861582,4.668378562,4.998373271,1228.810059,-0.001626729
10/1/2005,16.69,2.64453,3.78,319.2414,134673,2170,0.28,17.9,5,0,3391.808,5.05918,4.996,1207.01001,-0.004
11/1/2005,16.69,2.26716,4,320.911,135012,2218,0.1,17.5,5,0,3402.929024,5.768212528,4.993328832,1249.47998,-0.006671168
12/1/2005,16.79,2.00486,4.16,420.991,135168,2120,0.08,17.5,4.9,0,3416.684042,6.532212995,4.990889575,1248.290039,0.090889575
1/1/2006,16.74,1.94884,4.29,407.9295,135446,2212,0.1,16.9,4.7,0,3429.630667,7.10678,4.989,1280.079956,0.289
2/1/2006,16.7,1.64334,4.49,293.4135,135753,2141,0.2,17.8,4.8,0,3438.014808,7.239927002,4.988048421,1280.660034,0.188048421
3/1/2006,16.69,1.64434,4.59,282.8095,136063,2118,0.14,17.1,4.7,0,3442.716261,7.047227093,4.987614157,1294.869995,0.287614157
4/1/2006,16.74,1.70109,4.79,281.6434,136221,1998,0.18,16.7,4.7,0,3447.005333,6.6344,4.987,1310.609985,0.287
5/1/2006,16.74,1.45455,4.94,294.02325,136261,1905,0.22,17.1,4.6,0,3452.156091,6.177961425,4.985772063,1270.089966,0.385772063
6/1/2006,16.76,1.45278,4.99,277.77475,136342,1867,0.2,16.6,4.6,0,3459.182478,5.787918538,4.983731224,1270.199951,0.383731224
7/1/2006,16.7,1.2735,5.24,329.793,136538,1763,0.26,17.1,4.7,0,3467.932667,5.62091,4.981,1276.660034,0.281
8/1/2006,16.8,1.26582,5.25,258.83025,136713,1722,0.24,17.1,4.7,0,3478.985716,5.746970439,4.977390892,1303.819946,0.277390892
9/1/2006,16.89,1.44144,5.25,255.498,136860,1655,0.32,17.1,4.5,0,3490.812021,6.03617767,4.972992965,1335.849976,0.472992965
10/1/2006,16.9,1.25824,5.25,292.99,136870,1570,0.26,16.3,4.4,0,3501.493667,6.28681,4.968,1377.939941,0.568
11/1/2006,16.94,1.4979,5.25,326.01525,137082,1535,0.18,16.2,4.5,0,3510.453948,6.371468965,4.962158303,1400.630005,0.462158303
12/1/2006,17.11,1.9059,5.24,424.0058,137268,1638,0.16,16.1,4.4,0,3516.852109,6.320506967,4.956161058,1418.300049,0.556161058
1/1/2007,17.06,1.91159,5.25,435.0775,137493,1626,0.34,16.3,4.6,0,3521.087,6.21209,4.95,1438.23999,0.35
2/1/2007,17.05,2.09581,5.26,326.74525,137573,1598,0.2,16.7,4.5,0,3523.212484,6.112835829,4.944190971,1406.819946,0.444190971
3/1/2007,17.08,2.33673,5.26,287.5916,137810,1596,0.18,17.8,4.4,0,3524.676368,6.030258255,4.939239967,1420.859985,0.539239967
4/1/2007,17.21,2.80765,5.25,304.45975,137860,1470,0.24,16.9,4.5,0,3527.613,5.92953,4.934,1482.369995,0.434
5/1/2007,17.21,2.80765,5.25,269.29,138012,1493,0.3,16.6,4.4,0,3533.030278,5.809641567,4.9290779,1530.619995,0.5290779
6/1/2007,17.28,3.10263,5.25,289.9554,138088,1407,0.4,16.5,4.6,0,3540.315761,5.665051404,4.924013736,1503.349976,0.324013736
7/1/2007,17.22,3.11377,5.26,339.29625,138055,1361,0.52,17.2,4.7,0,3547.494333,5.5115,4.919,1455.27002,0.219
8/1/2007,17.32,3.09524,5.02,265.18375,138032,1321,0.3,17,4.6,0,3553.580272,5.333830996,4.913617777,1473.98999,0.313617777
9/1/2007,17.4,3.01954,4.94,253.605,138114,1261,0.54,16.3,4.7,0,3557.252809,5.08575904,4.908165261,1526.75,0.208165261
10/1/2007,17.35,2.66272,4.76,303.967,138190,1192,1.7,17,4.7,0,3557.598,4.71948,4.903,1549.380005,0.203
11/1/2007,17.43,2.89256,4.49,331.1905,138299,1224,2.72,17.3,4.7,0,3554.403723,4.183515264,4.89797483,1481.140015,0.19797483
12/1/2007,17.53,2.4547,4.24,448.6524,138409,1149,9.88,16.6,5,0,3550.282687,3.613570039,4.893650963,1468.359985,-0.106349037
1/1/2008,17.55,2.87222,3.94,463.8845,138422,1094,22.84,17.5,5,1,3548.143,3.10957,4.89,1378.550049,-0.11
2/1/2008,17.57,3.04985,2.98,353.432,138340,1014,44.64,16.9,4.9,1,3550.155281,2.79582002,4.88726173,1330.630005,-0.01273827
3/1/2008,17.62,3.16159,2.61,336.1914,138292,967,59,16.5,5.1,1,3553.240753,2.640140383,4.884960977,1322.699951,-0.215039023
4/1/2008,17.65,2.55665,2.28,348.58925,138056,1008,73.84,16.9,5,1,3553.896333,2.54918,4.882,1385.589966,-0.118
5/1/2008,17.65,2.55665,1.98,321.689,137872,995,81.92,16.6,5.4,1,3549.044781,2.477079162,4.878254865,1400.380005,-0.521745135
6/1/2008,17.73,2.60417,2,362.24725,137706,1180,87.28,17.1,5.6,1,3539.327712,2.407246973,4.874666447,1280,-0.725333553
7/1/2008,17.74,3.01974,2.01,413.883,137508,921,96.16,17,5.8,1,3527.285333,2.34519,4.873,1267.380005,-0.927
8/1/2008,17.76,2.54042,2,360.3196,137229,858,99.54,17.7,6.1,1,3514.134955,2.229702204,4.874257629,1282.829956,-1.225742371
9/1/2008,17.85,2.58621,1.81,376.8955,136769,797,99.8,18.6,6.1,1,3502.404288,1.773451433,4.877734894,1166.359985,-1.222265106
10/1/2008,17.87,2.99712,0.97,436.60725,136288,736,90.58,19.9,6.5,1,3494.458667,0.68005,4.882,968.75,-1.618
11/1/2008,17.95,2.98336,0.39,533.118,135561,626,99.62,18.9,6.8,1,3490.920776,-1.264261781,4.886380985,896.23999,-1.913619015
12/1/2008,18.07,3.08043,0.16,706.75975,134857,554,99.82,19.9,7.3,1,3489.503686,-3.333052568,4.890788498,903.25,-2.409211502
1/1/2009,18.05,2.849,0.15,751.011,134074,545,99.84,19.8,7.8,1,3486.566,-4.84943,4.896,825.880005,-2.904
2/1/2009,18.1,3.01651,0.22,645.3995,133332,558,99.68,20.2,8.3,1,3480.013971,-5.164610343,4.902269335,735.090027,-3.397730665
3/1/2009,18.12,2.83768,0.18,610.79825,132529,513,99.76,20.9,8.7,1,3474.106422,-4.788538772,4.908834903,797.869995,-3.791165097
4/1/2009,18.16,2.88952,0.15,603.4555,131835,521,97.44,21.7,9,1,3472.444667,-4.29818,4.917,872.809998,-4.083
5/1/2009,18.12,2.66289,0.18,537.3352,131491,556,87.68,22.4,9.4,1,3478.741518,-4.246453288,4.925754533,919.140015,-4.474245467
6/1/2009,18.15,2.36887,0.21,569.83825,131026,601,58.22,23.9,9.5,1,3488.990512,-4.503814777,4.935886518,919.320007,-4.564113482
7/1/2009,18.22,2.70575,0.16,592.5205,130685,595,2.94,25.1,9.5,0,3496.400667,-4.77057,4.947,987.47998,-4.553
8/1/2009,18.27,2.87162,0.16,468.1754,130501,616,0.74,25.3,9.6,0,3497.001379,-4.80474399,4.959808101,1020.619995,-4.640191899
9/1/2009,18.45,3.36134,0.15,443.89175,130259,609,0.3,26.6,9.8,0,3493.584885,-4.472220706,4.972755536,1057.079956,-4.827244464
10/1/2009,18.34,2.63011,0.12,484.4316,130061,583,0.26,27.5,10,0,3491.215,-3.71843,4.984,1036.189941,-5.016
11/1/2009,18.41,2.56267,0.12,506.423,130073,623,0.14,28.9,9.9,0,3493.514486,-2.483914308,4.993279758,1095.630005,-4.906720242
12/1/2009,18.48,2.26895,0.12,591.9955,129804,664,0.2,29.7,9.9,0,3499.708628,-1.124228969,5.00071934,1115.099976,-4.89928066
1/1/2010,18.49,2.43767,0.11,636.5094,129807,636,0.14,30.3,9.8,0,3508.477333,0.09069,5.008,1073.869995,-4.792
2/1/2010,18.49,2.1547,0.13,481.84075,129715,650,0.16,29.8,9.8,0,3518.103642,0.85087815,5.015785842,1104.48999,-4.784214158
3/1/2010,18.47,1.93157,0.16,431.87925,129895,687,0.06,31.6,9.9,0,3526.930788,1.272135145,5.023084052,1169.430054,-4.876915948
4/1/2010,18.52,1.98238,0.2,450.319,130132,637,0.06,33.3,9.9,0,3536.382667,1.68355,5.031,1186.689941,-4.869
5/1/2010,18.57,2.48344,0.2,411.58,130666,575,0.06,34,9.6,0,3544.877063,2.191127482,5.03812854,1089.410034,-4.56187146
6/1/2010,18.54,2.14876,0.18,429.74025,130530,587,0.42,34.5,9.4,0,3553.187274,2.697403813,5.044919193,1030.709961,-4.355080807
7/1/2010,18.56,1.86608,0.18,460.8482,130442,579,0.2,33.9,9.4,0,3561.114,2.96814,5.051,1101.599976,-4.349
8/1/2010,18.58,1.69677,0.19,399.76125,130437,580,0.12,33.7,9.5,0,3569.402841,2.915029807,5.056794963,1049.329956,-4.443205037
9/1/2010,18.75,1.62602,0.19,369.6365,130373,563,0.18,33.4,9.5,0,3577.477334,2.828991001,5.061911989,1141.199951,-4.438088011
10/1/2010,18.7,1.96292,0.19,411.99,130642,558,0.08,34,9.4,0,3584.666333,3.09962,5.066,1183.26001,-4.334
11/1/2010,18.75,1.84682,0.19,434.986,130765,560,0.08,33.9,9.8,0,3591.064946,3.970620469,5.069258455,1180.550049,-4.730741545
12/1/2010,18.86,2.05628,0.18,524.68625,130839,632,0.1,34.7,9.3,0,3596.081981,4.959283516,5.071976117,1257.640015,-4.228023883
1/1/2011,18.97,2.596,0.17,570.5632,130859,576,0.18,37.2,9.1,0,3599.913667,5.52269,5.075,1286.119995,-4.025
2/1/2011,18.93,2.37966,0.16,399.972,131072,542,0.16,37.4,9,0,3602.472942,5.210959857,5.0786209,1327.219971,-3.9213791
3/1/2011,18.9,2.3281,0.14,372.7335,131304,583,0.08,39.1,9,0,3604.576027,4.521954561,5.081738729,1325.829956,-3.918261271
4/1/2011,18.92,2.15983,0.1,397.5042,131625,581,0.24,38.7,9.1,0,3607.884667,3.88899,5.084,1363.609985,-4.016
5/1/2011,18.91,1.83091,0.09,379.35975,131720,618,0.24,39.6,9,0,3612.771632,3.813986201,5.084306021,1345.199951,-3.915693979
6/1/2011,18.87,1.77994,0.09,392.08575,131955,636,0.14,39.9,9.1,0,3618.20478,4.013036291,5.083304954,1320.640015,-4.016695046
7/1/2011,18.9,1.8319,0.07,415.9998,132016,621,0.1,40.7,9,0,3622.012,4.02972,5.082,1292.280029,-3.918
8/1/2011,18.82,1.29171,0.1,345.51325,132138,647,0.12,40.5,9,0,3623.409713,3.558841071,5.080993375,1218.890015,-3.919006625
9/1/2011,18.93,0.96,0.08,339.83575,132374,610,0.26,40.4,9,0,3624.609041,2.903731857,5.079878862,1131.420044,-3.920121138
10/1/2011,18.96,1.39037,0.07,368.533,132578,671,0.1,38.7,8.8,0,3628.631,2.53368,5.078,1253.300049,-3.722
11/1/2011,18.95,1.06667,0.08,394.58625,132710,706,0.22,40.2,8.6,0,3637.676746,2.741779248,5.074693791,1246.959961,-3.525306209
12/1/2011,19.07,1.11347,0.07,484.701,132914,697,0.1,40.4,8.5,0,3648.471071,3.311173904,5.070341064,1257.599976,-3.429658936
1/1/2012,19.1,0.68529,0.08,502.702,133269,712,0.1,40.2,8.3,0,3657.767667,3.93833,5.065,1312.410034,-3.235
2/1/2012,19.03,0.52826,0.1,361.82,133531,738,0.16,39.7,8.3,0,3662.232955,4.31168566,5.059047232,1365.680054,-3.240952768
3/1/2012,19.02,0.63492,0.13,333.4412,133769,806,0.26,39.3,8.2,0,3663.222905,4.357946878,5.052762424,1408.469971,-3.147237576
4/1/2012,19.14,1.16279,0.14,366.1635,133852,732,0.1,39.2,8.2,0,3663.195,4.05734,5.045,1397.910034,-3.155
5/1/2012,19.01,0.52882,0.16,335.71525,133951,796,0.12,39.6,8.2,0,3663.983551,3.487238566,5.036360683,1310.329956,-3.163639317
6/1/2012,19.04,0.9009,0.16,361.178,134023,794,0.18,40.3,8.2,0,3666.028213,3.066938384,5.026896493,1362.160034,-3.173103507
7/1/2012,19.08,0.95238,0.16,387.79075,134176,849,0.18,39.3,8.2,0,3669.172333,3.35706,5.018,1379.319946,-3.182
8/1/2012,19,0.95643,0.13,315.5745,134346,840,0.34,39.6,8.1,0,3673.596242,4.660398492,5.009650532,1406.579956,-3.090349468
9/1/2012,19.07,0.73957,0.14,308.8902,134535,930,0.14,39.8,7.8,0,3679.17102,6.185245774,5.001770333,1440.670044,-2.798229667
10/1/2012,19.08,0.63291,0.16,344.4515,134693,887,0.1,39.6,7.8,0,3685.617333,6.86331,4.994,1412.160034,-2.806
11/1/2012,19.16,1.10818,0.16,400.71875,134851,917,0.08,39,7.7,0,3693.064524,6.05252389,4.9853539,1416.180054,-2.7146461
12/1/2012,19.22,0.78658,0.16,455.699,135088,941,0.14,37.6,7.9,0,3699.796119,4.469622268,4.976475985,1426.189941,-2.923524015
1/1/2013,19.23,0.68063,0.14,480.5995,135283,940,3.6,35.6,8,0,3704.728667,3.03917,4.967,1498.109985,-3.033
2/1/2013,19.23,1.05097,0.15,353.0165,135562,979,0.38,36.4,7.7,0,3706.639053,2.598470237,4.957410202,1514.680054,-2.742589798
3/1/2013,19.21,0.99895,0.14,317.7106,135698,936,0.3,37,7.5,0,3706.902308,2.83337238,4.948694607,1569.189941,-2.551305393
4/1/2013,19.26,0.62696,0.15,336.059,135890,1016,0.24,36.5,7.6,0,3707.395,3.30018,4.939,1597.569946,-2.661
5/1/2013,19.22,1.10468,0.11,311.18,136114,1003,0.14,36.8,7.5,0,3709.658987,3.544150143,4.929608189,1630.73999,-2.570391811
6/1/2013,19.23,0.9979,0.09,327.3734,136295,941,0.26,36.4,7.5,0,3714.620391,3.455545957,4.920020577,1606.280029,-2.579979423
7/1/2013,19.23,0.78616,0.09,354.2335,136400,998,0.24,37.3,7.3,0,3722.474,2.99782,4.911,1685.72998,-2.389
8/1/2013,19.26,1.36842,0.08,280.3886,136642,961,0.12,37.6,7.2,0,3733.667657,2.194957674,4.902042036,1632.969971,-2.297957964
9/1/2013,19.34,1.41584,0.08,252.46925,136831,1004,0.06,37.4,7.2,0,3745.478704,1.503580129,4.893338524,1681.550049,-2.306661476
10/1/2013,19.34,1.36268,0.09,333.56425,137056,1041,0.14,35.1,7.2,0,3754.549333,1.45545,4.885,1756.540039,-2.315
11/1/2013,19.43,1.40919,0.08,342.836,137323,1031,0.08,36.6,6.9,0,3759.634489,2.36199625,4.876294505,1805.810059,-2.023705495
12/1/2013,19.55,1.71696,0.09,437.2405,137390,1009,0.18,36.5,6.7,0,3763.091244,3.656092259,4.867567677,1848.359985,-1.832432323
1/1/2014,19.5,1.40406,0.07,449.35625,137567,985,0.36,35.1,6.6,0,3769.087333,4.68688,4.858,1782.589966,-1.742
2/1/2014,19.49,1.35205,0.07,338.3765,137735,1047,0.06,36.5,6.7,0,3780.400649,4.875954588,4.847721275,1859.449951,-1.852278725
3/1/2014,19.53,1.6658,0.08,295.0094,137985,1061,0.06,35.3,6.7,0,3793.80975,4.597915582,4.837992876,1872.339966,-1.862007124
4/1/2014,19.52,1.34995,0.09,308.816,138312,1089,0.12,34.9,6.2,0,3809.567667,4.30564,4.827,1883.949951,-1.373
5/1/2014,19.51,1.50884,0.09,277.2858,138533,1019,0.14,34.4,6.3,0,3823.730447,4.425233006,4.816366615,1923.569946,-1.483633385
6/1/2014,19.5,1.40406,0.1,306.3465,138857,1002,0.1,33.9,6.1,0,3837.64064,4.864603388,4.805456241,1960.22998,-1.294543759
7/1/2014,19.56,1.71607,0.09,309.4965,139084,1072,0.08,32.7,6.2,0,3851.408667,5.37271,4.795,1930.670044,-1.405
8/1/2014,19.56,1.55763,0.09,253.1188,139272,1042,0.12,32,6.1,0,3866.615329,5.779910845,4.784258795,2003.369995,-1.315741205
9/1/2014,19.6,1.34436,0.09,236.106,139583,1072,0.1,31.9,5.9,0,3881.944513,5.976053266,4.773259975,1972.290039,-1.126740025
10/1/2014,19.6,1.34436,0.09,264.6995,139841,1099,0.14,32.3,5.7,0,3895.711,5.9044,4.762,2018.050049,-0.938
11/1/2014,19.66,1.18374,0.09,302.793,140127,1063,0.1,32.7,5.8,0,3907.997038,5.552979832,4.749501628,2067.560059,-1.050498372
12/1/2014,19.71,0.81841,0.12,361.92375,140396,1077,0.34,32.7,5.6,0,3918.659194,5.143781174,4.736937306,2058.899902,-0.863062694
1/1/2015,19.68,0.92308,0.11,388.2186,140609,1060,0.92,31.9,5.7,0,3929.454667,4.91014,4.724,1994.98999,-0.976
2/1/2015,19.72,1.18009,0.11,299.56675,140857,1133,1.18,31.2,5.5,0,3940.806163,5.047121857,4.711578305,2104.5,-0.788421695
3/1/2015,19.78,1.28008,0.11,256.48675,140934,1071,0.88,30.5,5.4,0,3951.267157,5.354514929,4.700965106,2067.889893,-0.699034894
4/1/2015,19.8,1.43443,0.12,273.07075,141234,1170,0.8,30.9,5.4,0,3962.512333,5.66647,4.69,2085.51001,-0.71
5/1/2015,19.83,1.64018,0.12,241.409,141553,1271,0.64,30.7,5.6,0,3972.601145,5.759714543,4.680260743,2107.389893,-0.919739257
6/1/2015,19.85,1.79487,0.13,268.057,141723,1362,0.5,28.4,5.3,0,3982.16325,5.657286497,4.671078673,2063.110107,-0.628921327
7/1/2015,19.91,1.78937,0.13,285.32975,142016,1139,0.38,28.1,5.2,0,3990.650667,5.43366,4.663,2103.840088,-0.537
8/1/2015,19.94,1.94274,0.14,229.8818,142138,1159,0.66,28.3,5.1,0,3998.721381,5.134195932,4.655411119,1972.180054,-0.444588881
9/1/2015,20.09,2.5,0.14,216.467,142271,1135,0.72,26,5,0,4006.254621,4.784315704,4.648411262,1920.030029,-0.351588738
10/1/2015,20.01,2.09184,0.12,244.0726,142610,1162,0.92,27.5,5,0,4013.216667,4.40626,4.642,2079.360107,-0.358
11/1/2015,20.06,2.03459,0.12,280.9915,142845,1258,1.34,27.9,5.1,0,4020.369693,3.988074774,4.635715756,2080.409912,-0.464284244
12/1/2015,20.19,2.43531,0.24,340.9875,143125,1217,1.1,27.8,5,0,4027.941284,3.585908231,4.630566543,2043.939941,-0.369433457
1/1/2016,20.17,2.48984,0.34,378.979,143215,1179,0.58,29.1,4.9,0,4037.258667,3.20761,4.627,1940.23999,-0.273
2/1/2016,20.19,2.38337,0.38,265.962,143447,1195,0.94,29.1,4.9,0,4048.534974,2.898199944,4.62568431,1932.22998,-0.27431569
3/1/2016,20.27,2.47725,0.36,237.7785,143681,1106,0.78,28.4,5,0,4059.864356,2.684029069,4.625728954,2059.73999,-0.374271046
4/1/2016,20.39,2.9798,0.37,249.2572,143892,1162,0.4,28.2,5,0,4071.366,2.54527,4.626,2065.300049,-0.374
5/1/2016,20.4,2.87443,0.37,248.5765,143907,1192,0.42,26.9,4.8,0,4080.883469,2.503847173,4.625629299,2096.949951,-0.174370701
6/1/2016,20.4,2.77078,0.38,252.55175,144189,1194,0.16,28.1,4.9,0,4089.65391,2.538577831,4.624790843,2098.860107,-0.275209157
7/1/2016,20.46,2.76243,0.39,257.1526,144525,1185,0.1,27.9,4.8,0,4098.101,2.62397,4.624,2173.600098,-0.176
8/1/2016,20.5,2.80843,0.4,220.95275,144660,1195,0.22,27.3,4.9,0,4107.449818,2.750942974,4.623553654,2170.949951,-0.276446346
9/1/2016,20.57,2.38925,0.4,203.7775,144930,1276,0.2,26.8,5,0,4116.626778,2.940024967,4.623314803,2168.27002,-0.376685197
10/1/2016,20.61,2.9985,0.4,231.147,145058,1276,0.14,26.4,4.9,0,4124.243333,3.21242,4.623,2126.149902,-0.277
11/1/2016,20.59,2.64207,0.41,254.9865,145228,1249,0.26,25.8,4.7,0,4130.202778,3.594718043,4.622387453,2198.810059,-0.077612547
12/1/2016,20.67,2.37741,0.54,333.138,145443,1263,0.14,26.1,4.7,0,4135.528026,3.985156207,4.621659055,2238.830078,-0.078340945
1/1/2017,20.68,2.52851,0.65,333.1385,145695,1329,0.22,25,4.7,0,4142.549,4.30758,4.621,2278.870117,-0.079
2/1/2017,20.64,2.22883,0.66,239.4375,145836,1248,0.36,25.3,4.7,0,4152.368873,4.476913648,4.620598688,2363.639893,-0.079401312
3/1/2017,20.69,2.07203,0.79,229.787,145963,1279,0.1,25.4,4.4,0,4162.227371,4.547799453,4.62034769,2362.719971,0.22034769
4/1/2017,20.85,2.25601,0.9,225.32,146176,1255,0.12,24.4,4.4,0,4171.953333,4.62178,4.62,2384.199951,0.22
5/1/2017,20.77,1.81373,0.91,216.15675,146304,1205,0.08,25,4.4,0,4178.804549,4.747446812,4.619452639,2411.800049,0.219452639
6/1/2017,20.77,1.81373,1.04,228.9665,146533,1312,0.12,25.1,4.3,0,4185.566173,4.880983582,4.618732588,2423.409912,0.318732588
7/1/2017,20.9,2.15054,1.15,242.8418,146737,1258,0.16,24.9,4.3,0,4194.968667,4.93544,4.618,2470.300049,0.318
8/1/2017,20.88,1.85366,1.16,200.39025,146924,1300,0.3,24.3,4.4,0,4209.472724,4.862181638,4.617297787,2471.649902,0.217297787
9/1/2017,21.03,2.23627,1.15,218.406,146942,1254,0.16,26.4,4.2,0,4224.858308,4.721462113,4.616637287,2519.360107,0.416637287
10/1/2017,21.1,2.37749,1.15,216.7035,147202,1343,0.04,25.5,4.1,0,4235.456333,4.60897,4.616,2575.26001,0.516
11/1/2017,21.15,2.71977,1.16,244.655,147422,1323,0.06,25.1,4.2,0,4238.647412,4.582231478,4.615316933,2584.840088,0.415316933
12/1/2017,21.31,3.09627,1.3,314.4532,147596,1320,0.1,23.8,4.1,0,4238.404196,4.608980843,4.614653581,2673.610107,0.514653581
1/1/2018,21.34,3.19149,1.41,321.81675,147767,1366,0.42,23.9,4.1,0,4240.946333,4.63104,4.614,2823.810059,0.514
2/1/2018,21.33,3.34302,1.42,221.39425,148097,1323,0.12,22.9,4.1,0,4250.921614,4.601486853,4.613388731,2713.830078,0.513388731
3/1/2018,21.39,3.38328,1.51,205.2434,148279,1377,0.04,24.2,4,0,4264.444047,4.541178687,4.612799278,2640.870117,0.612799278
4/1/2018,21.56,3.40528,1.69,211.10975,148475,1364,0.08,23,3.9,0,4280.674,4.46337,4.612,2648.050049,0.712
5/1/2018,21.4,3.03322,1.7,198.84125,148745,1301,0.28,21.3,3.8,0,4294.644805,4.400767192,4.611022194,2705.27002,0.811022194
6/1/2018,21.39,2.98507,1.82,213.828,149007,1292,0.16,21.2,4,0,4307.091051,4.365328354,4.60993849,2718.370117,0.60993849
7/1/2018,21.43,2.53589,1.91,219.56875,149185,1303,0.12,23.1,3.9,0,4317.763667,4.3725,4.609,2816.290039,0.709
8/1/2018,21.51,3.01724,1.91,178.572,149467,1249,0.1,22.6,3.8,0,4327.81167,4.427443868,4.608269688,2901.52002,0.808269688
9/1/2018,21.63,2.85307,1.95,170.9234,149575,1270,0.18,24.1,3.7,0,4336.747926,4.499499271,4.607657378,2913.97998,0.907657378
10/1/2018,21.69,2.79621,2.19,195.425,149852,1265,0.22,22.4,3.8,0,4344.099667,4.5476,4.607,2711.73999,0.807
11/1/2018,21.83,3.21513,2.2,224.00725,150048,1322,0.16,21.7,3.7,0,4350.139255,4.537557116,4.60611735,2760.169922,0.90611735
12/1/2018,21.94,2.95636,2.27,290.7564,150275,1326,0.26,21.8,3.9,0,4354.372546,4.440897331,4.605109857,2506.850098,0.705109857
1/1/2019,21.91,2.67104,2.4,304.0015,150587,1317,0.54,20.5,4,0,4356.999,4.22245,4.604,2704.100098,0.604
2/1/2019,21.92,2.76606,2.4,227.7405,150643,1291,0.96,21.7,3.8,0,4357.76474,3.854295829,4.602901989,2784.48999,0.802901989
3/1/2019,21.96,2.6648,2.41,199.6406,150832,1288,1.94,22.2,3.8,0,4356.786328,3.368542873,4.601958358,2834.399902,0.801958358
4/1/2019,22.04,2.22635,2.42,202.27025,151095,NA,NA,22.9,3.6,0,4353.7758,2.633920428,4.601,2945.830078,1.001
