1.45,13.7,1.11811,0.396373057,-0.010889192,-0.112637363,0.009497633,0.11095123,1
2.54,13.6,0.972422362,0.588039867,-0.017537101,-0.116727941,0.00634538,0.130434785,1
2.02,14.1,1.162559836,0.22923588,-0.014599478,0.047120419,0.00801398,0.175641453,0
1.49,15.5,1.54412,0.245733788,-0.021637203,-0.013779528,0.011758433,0.20121389,0
1.98,15.6,1.943967151,0.121212121,-0.012648004,-0.023764259,0.014568059,0.1921905,0
1.73,16.2,2.420781506,0.022058824,-0.006826378,0.11691023,0.017183678,0.135628975,0
1.17,17.3,3.01949,0.04719764,-0.003369793,0.084084084,0.020758367,0.202666266,0
2,17,3.822271029,-0.120915033,0.000479068,0.165995976,0.026451875,0.195049178,0
1.88,16.1,4.70912167,-0.069343066,0.002969001,0.115853659,0.03333454,0.246823673,0
2.26,15.9,5.51592,-0.171686747,0.007018581,0.155349794,0.039943135,0.285259492,0
2.61,17,6.189752255,-0.196969697,0.014473416,0.17671093,0.045651443,0.28411953,0
2.33,15.8,6.693717478,-0.204453441,0.021026385,0.220820189,0.049532376,0.231285523,0
2.15,15.3,7.0959,-0.207792208,0.022502468,0.157894737,0.051350016,0.114276418,0
2.37,16,7.399402026,-0.334728033,0.030453535,0.242455775,0.050820048,0.102774277,0
2.85,15,7.563626502,-0.264864865,0.030116104,0.134,0.049483222,0.069013298,0
2.78,14.9,7.58342,-0.273972603,0.036828463,0.23253493,0.048668802,-0.001071811,0
2.36,15.5,7.416079231,-0.162162162,0.03424683,0.111976631,0.049598555,-0.104116545,0
2.68,15.1,7.090778487,-0.079136691,0.030883524,0.078504673,0.051267095,-0.153001225,0
2.71,14.6,6.68352,-0.109859155,0.029987251,0.09787627,0.052004748,-0.127771147,0
2.93,14.5,6.225950198,-0.037174721,0.028362002,0.035375324,0.050733364,-0.131482312,0
2.9,14.1,5.796053043,-0.08627451,0.02923439,0.113843352,0.048231659,-0.156751124,0
2.9,14.1,5.46947,-0.010909091,0.027860313,0.051647373,0.045853054,-0.176333466,0
2.94,13.3,5.26418454,-0.018867925,0.024003507,0.072916667,0.044315268,-0.127033118,0
2.93,13.6,5.136673695,0.06870229,0.021067211,0.064599483,0.043330677,-0.118099296,0
2.92,13.8,4.99504,0.039812646,0.022298737,0.112299465,0.042139975,-0.038349784,0
3,14.1,4.791483523,0.012578616,0.018880916,0.015075377,0.040408361,-0.081046285,0
2.98,14.5,4.618946204,-0.007352941,0.018905473,0.109347443,0.039141399,-0.042846914,0
2.9,14.5,4.5432,0.026415094,0.017589295,0.04291498,0.039198323,0.069895848,0
3,14.5,4.655748631,-0.044354839,0.01776084,0.182136602,0.04129196,0.187321848,0
2.99,14,4.906356558,-0.0703125,0.01824096,0.165511265,0.043939555,0.267032018,0
3.02,14,5.19069,-0.066455696,0.018799555,0.111017662,0.044874987,0.187188683,0
3.49,13.9,5.454582672,-0.057915058,0.019198395,0.091666667,0.042856342,0.226319371,0
3.48,14.2,5.689058062,-0.051502146,0.019650577,0.155355683,0.039902789,0.27421356,0
3.5,13.9,5.90611,-0.077205882,0.022162345,0.197290432,0.038882322,0.309448018,0
3.48,13.3,6.134298736,-0.073717949,0.021389325,0.09789644,0.04163502,0.176196681,0
3.38,13.3,6.355008717,-0.019047619,0.023791676,0.151294498,0.046608219,0.188906488,0
3.48,13.5,6.57447,-0.076576577,0.024449791,0.038461538,0.051903491,0.163746291,0
3.48,13.2,6.780741788,-0.102484472,0.027085186,0.189768977,0.055631879,0.210141574,0
3.43,13.5,6.9724775,-0.044444444,0.02800071,0.043720191,0.05816569,0.186420355,0
3.47,12.4,7.19162,-0.102941176,0.023718628,-0.01863354,0.060503655,0.138395352,0
3.5,13.6,7.42109203,-0.088607595,0.02601738,-0.037777778,0.063032963,0.135169486,0
3.5,13.6,7.629986813,-0.096638655,0.027533137,-0.048327138,0.065140908,0.177598363,0
3.42,14.7,7.74831,-0.074576271,0.028488925,-0.012869039,0.065636606,0.203240324,0
3.5,13,7.746642315,-0.159836066,0.030029872,-0.003053435,0.063960354,0.128689683,0
3.45,12.7,7.667318039,-0.140271493,0.03197379,-0.104741684,0.061412954,0.174058627,0
3.36,12.6,7.58231,-0.119521912,0.026360351,-0.130127298,0.059847203,0.146601793,0
3.52,14,7.535937134,-0.051903114,0.034285215,-0.075902727,0.060340054,0.152806152,0
3.85,12.7,7.512334347,-0.162621359,0.035912902,-0.182009838,0.061783801,0.129698792,0
3.9,12.2,7.47328,-0.141463415,0.036443022,-0.024691358,0.062626668,0.1365524,0
3.98,12.6,7.391596302,-0.079584775,0.035444046,-0.178224688,0.061577034,0.123778877,0
4.04,12,7.289205571,-0.147286822,0.036374942,-0.077684692,0.059079863,0.0909091,0
4.09,11.4,7.16212,-0.106557377,0.040347364,-0.080696203,0.055672519,0.121444779,0
4.1,11.1,7.056062493,-0.148148148,0.041350342,-0.070823711,0.052440967,0.100161686,0
4.04,11.6,7.051807925,-0.125581395,0.042443189,-0.03046875,0.051237688,0.029746615,0
4.09,11.6,7.24734,-0.10989011,0.043706773,-0.051380368,0.054336074,0.02488579,0
4.12,11.9,7.707310196,0.014634146,0.044507753,-0.043644717,0.0630299,0.06525719,0
4.01,11.9,8.281706764,-0.110526316,0.043919665,-0.030039526,0.073596551,0.068662378,0
4.08,12.1,8.76014,-0.162895928,0.04976783,0.039837398,0.080890996,0.089087873,0
4.1,11.7,9.038621461,-0.189781022,0.046911412,0.041467305,0.081859978,0.085169429,0
4.32,11.4,9.180446582,-0.171014493,0.048821124,0.129725086,0.078236869,0.090619469,0
4.42,11.9,9.33366,-0.073863636,0.049461247,0.048259494,0.072920983,0.060758327,0
4.6,11.2,9.601209518,-0.112781955,0.050100334,-0.021940928,0.068542168,0.043348976,0
4.65,11.1,9.922031118,-0.231818182,0.053147343,0.018992568,0.065764387,0.03563137,0
4.67,10.8,10.31203,-0.247706422,0.05273901,-0.014629948,0.063936086,0.021883032,0
4.9,10.2,10.66343479,-0.184782609,0.053247591,-0.106876553,0.063091608,-0.02589913,0
5.17,9.7,10.89815505,-0.180851064,0.05636843,-0.229653505,0.061630192,0.007370364,0
5.3,9.7,10.89484,-0.004115226,0.054719921,-0.246564268,0.057907768,-0.019354862,0
5.53,9.8,10.59058405,-0.201923077,0.05355393,-0.297838271,0.050627817,-0.115521398,0
5.4,10.1,10.10834807,-0.171597633,0.05127663,-0.369193154,0.041569619,-0.148955104,0
5.53,10.3,9.63762,-0.124324324,0.050794731,-0.422204848,0.033267171,-0.132222476,0
5.76,9.7,9.26886838,-0.081081081,0.04876121,-0.436447167,0.027000817,-0.121820804,0
5.4,9.5,8.959644912,0.031468531,0.046163474,-0.434980989,0.02385806,-0.130909856,0
4.94,9.3,8.57367,-0.088957055,0.046026644,-0.249056604,0.024102564,-0.067506419,0
5,9.2,8.044227943,0.118644068,0.041929422,-0.217428818,0.027826101,-0.048673558,0
4.53,8.9,7.515830925,0.402366864,0.036998354,-0.226094003,0.03221091,0.010870716,0
4.05,8.8,6.99582,0.469512195,0.031984489,-0.096069869,0.035450246,0.032396267,0
3.94,8.7,6.651361334,0.233333333,0.029947263,-0.001855288,0.035023958,0.034250611,0
3.98,8.3,6.450466434,0.188311688,0.025565036,0.222803347,0.032149678,0.069624748,0
3.79,8.3,6.37047,0.161157025,0.024680798,0.262875536,0.029001505,0.133373233,0
3.9,8.9,6.381630107,0.090361446,0.025361589,0.401368301,0.027167765,0.214526607,0
3.99,8.4,6.514160504,0.1,0.02352923,0.65245478,0.02766343,0.263192287,0
3.88,8.7,6.79435,0.086419753,0.021139791,0.732070365,0.031003293,0.163341727,0
4.13,8.9,7.259064409,0.004901961,0.025900122,0.762228261,0.037474975,0.168427638,0
4.51,8.6,7.82344018,-0.071186441,0.026089357,0.769851952,0.044485212,0.200921183,0
4.6,9.4,8.4494,0.050505051,0.02135857,0.184924623,0.049662843,0.065004006,0
4.71,8.7,9.049458817,-0.151515152,0.027296764,0.479603087,0.050898469,0.029730376,0
5.05,8.5,9.551835759,-0.240506329,0.026934229,0.434554974,0.050583073,0,0
5.76,8.7,9.99518,-0.253112033,0.031924969,0.242512077,0.051274015,0.036698191,0
6.11,8.2,10.31274075,-0.172972973,0.030966169,0.205390335,0.055139652,0.107768273,0
6.07,7.9,10.55028847,-0.158469945,0.032775665,0.112061591,0.0608254,0.098631985,0
6.02,8.4,10.72714,-0.177935943,0.033966731,0.141886151,0.065521386,0.031556707,0
6.03,8.3,10.87356686,-0.066298343,0.033064723,0.104149715,0.06752569,0.05574543,0
5.78,8.2,10.93160673,-0.11038961,0.035064385,0.144644253,0.066713171,0.061627537,0
5.91,8.4,10.83856,-0.147727273,0.037689694,0.11015625,0.063817617,0.108360136,0
5.82,8.1,10.55541622,-0.092682927,0.034196363,0.107170393,0.059359419,0.152872372,0
6.02,8.2,10.19729963,-0.065693431,0.03509716,0.056273764,0.054643557,0.076604125,0
6.3,8.1,9.87411,-0.131410256,0.039443746,0.237489398,0.050439763,0.11676067,0
6.61,7.9,9.70529008,-0.049107143,0.036956037,0.114008942,0.047534911,0.0981423,0
6.79,7.9,9.679061687,-0.055555556,0.038784456,0.049635036,0.04502168,0.125388086,0
7.41,7.9,9.75487,-0.061111111,0.037243176,0.120528771,0.041358876,0.063923692,0
8.67,7.9,9.891183405,-0.05751634,0.039555372,0.023901311,0.036080025,0.04843939,0
8.9,7.7,10.02071321,0.01461039,0.040217952,0.037692308,0.030524988,-0.018778901,0
8.61,7.8,10.05419,0.087662338,0.038208613,-0.049107143,0.02718452,-0.060466504,0
9.19,7.9,9.941762987,0.063905325,0.039192156,-0.029476787,0.027231536,-0.033886293,0
9.15,8,9.755689702,0.051094891,0.03548274,-0.137295082,0.029210994,-0.093016414,0
9,7.6,9.60706,0.088333333,0.034923822,-0.144264602,0.030744628,-0.060825846,0
8.85,8,9.546662374,0.102150538,0.030470834,-0.170612813,0.030225625,-0.134354569,0
8.97,8,9.471598615,0.09375,0.028780615,-0.168466523,0.028237807,-0.113614509,0
8.98,7.9,9.2234,0.304797048,0.025014761,-0.272104181,0.025766361,-0.174643284,1
8.98,8,8.698897895,0.35915493,0.023041937,-0.252173913,0.023872174,-0.087944535,1
7.76,8.3,8.075908732,0.466176471,0.022115728,-0.212795549,0.023131436,-0.117032852,1
8.1,8.2,7.36917,0.75739645,0.018209841,-0.150589868,0.023808605,-0.21381044,1
7.94,8.6,6.774511818,0.73925104,0.011318394,0,0.025972551,-0.260100486,1
7.6,8.6,6.193348416,0.5488,0.005563735,-0.020014826,0.028032699,-0.255756814,1
7.21,8.9,5.56411,0.353233831,0.004580865,0.03599374,0.027773476,-0.150059879,1
6.61,8.8,4.79901258,0.430478309,-0.000999887,0.058466211,0.023977292,-0.146476858,1
6.29,8.9,4.099296832,0.649305556,0.000423048,0.129057799,0.0191739,-0.094716492,1
6.2,8.7,3.71009,0.706584992,-0.008436327,0.286184211,0.016856233,-0.142813041,1
5.6,9.3,3.765140572,0.618292683,-0.009523676,0.261125105,0.019188103,-0.070461583,1
4.9,9.8,4.139823324,0.386607143,-0.00630255,0.52987013,0.024349913,0.000977667,0
4.14,10.5,4.66303,0.214366516,-0.00436945,0.547080979,0.029984268,0.127734655,0
3.72,10.4,5.149895169,0.107944732,-0.006984082,0.42039356,0.033691861,0.081005587,0
3.71,10.6,5.492851549,0.105315948,-0.008271403,0.553886926,0.035124411,0.119156548,0
4.15,10.9,5.71631,-0.116161616,-0.004372933,0.425653595,0.034763048,0.275147213,0
4.63,11.2,5.764349279,-0.051834131,0.001729374,0.484939759,0.033013012,0.301502196,0
4.91,11.6,5.784167238,0.004132231,0.00316772,0.439485628,0.031911752,0.357260666,0
5.31,11.5,5.95106,-0.016470588,0.003687388,0.562688822,0.033948368,0.224599594,0
5.56,11.5,6.398486214,0.092534992,0.006146299,0.43758967,0.040638846,0.214793948,0
5.55,11.9,7.003233093,0.003157895,0.009444069,0.399719495,0.048810238,0.166547954,0
5.2,12.6,7.56564,-0.107681263,0.015895974,0.295396419,0.05396543,0.131891928,0
4.91,12,7.98387463,-0.125094197,0.020423525,0.384154461,0.053544088,0.077866987,0
4.14,11.5,8.243104903,-0.105602061,0.018603797,0.20713073,0.050202012,0.10786754,0
3.5,12.1,8.41028,-0.090824406,0.022239469,0.362142422,0.047763716,0.084063467,0
3.29,12.4,8.518213833,-0.071706937,0.026000254,0.365869018,0.0492904,0.101498708,0
3.83,12.3,8.578232269,-0.099818512,0.029410104,0.196702672,0.053288635,0.068687061,0
4.17,12.4,8.60503,-0.109333333,0.029928487,0.225787966,0.057986003,0.035786446,0
4.27,12.3,8.62095066,-0.08431455,0.031187278,0.048174442,0.061421713,0.099367683,0
4.46,12.4,8.743128097,-0.085390947,0.035141887,0.147136101,0.06390409,0.085511674,0
4.55,11.8,9.09644,-0.02930622,0.033569375,0.060898985,0.065793235,0.123561381,0
4.8,11.8,9.765204673,-0.222419929,0.038782173,0.129241517,0.067723798,0.121781249,0
4.87,12.1,10.49522353,-0.201678909,0.037003938,0.198897796,0.070037015,0.12416115,0
5.04,11.7,10.95383,-0.150241352,0.042321543,0.16189536,0.073000133,0.184123936,0
5.06,11.4,10.96138754,-0.142118863,0.043509124,0.074555075,0.076729483,0.241302271,0
5.33,11.4,10.71186543,-0.094024478,0.043808679,0.134083451,0.079213346,0.156332722,0
5.94,11,10.49231,-0.136782787,0.043842575,0.014745308,0.078357998,0.116317075,0
6.58,10.5,10.54396031,-0.141057935,0.046333003,0.026279391,0.072704731,0.047949704,0
7.09,10.6,10.76776675,-0.133870968,0.04578855,-0.020427553,0.065196326,0.040298509,0
7.12,10,11.07707,-0.079341317,0.045009704,-0.10799439,0.057736055,-0.006501319,0
7.84,10.1,11.32269808,-0.09184845,0.043269951,-0.065795839,0.053122428,-0.041815046,0
8.49,9.6,11.4745847,-0.098312711,0.042422517,-0.060467247,0.049640419,-0.026880689,0
10.4,9.6,11.49743,-0.150492914,0.043468233,-0.171298405,0.045349232,0.007728858,0
10.5,9.8,11.37407811,0.026315789,0.040827612,-0.200618648,0.038277966,-0.061571665,0
10.78,9.4,11.11395815,-0.031545741,0.040558009,-0.287923109,0.02887772,-0.01917687,0
10.01,10.2,10.75122,-0.023668639,0.039277392,-0.400594732,0.018334565,-0.029485579,0
10.03,9.9,10.29432257,0.009036145,0.039307484,-0.372426141,0.006960802,-0.177509208,0
9.95,9.5,9.851644514,0.1913541,0.036708827,-0.467548574,-0.002612271,-0.173655226,1
9.65,9.5,9.48821,0.355341246,0.032836531,-0.413914575,-0.008871708,-0.167715239,1
8.97,9.6,9.293187426,0.454545455,0.029468256,-0.389038634,-0.010054221,-0.138431223,1
9.35,9.7,9.246679991,0.378026071,0.026375125,-0.301648885,-0.008115606,-0.157281156,1
10.51,9.8,9.2999,0.227642276,0.025204369,-0.342767296,-0.004854504,-0.155744628,1
11.31,9.6,9.405323371,0.233881163,0.024801691,-0.410668048,-0.002539882,-0.168365874,1
11.93,9.7,9.462539626,0.279441118,0.022331473,-0.470502194,-0.002039453,-0.175139091,1
12.92,9.9,9.35188,0.232094288,0.022401935,-0.449147883,-0.00408508,-0.267141034,1
12.01,9.8,8.98223366,0.289632107,0.018803131,-0.493090105,-0.008878375,-0.30791365,1
11.34,9.6,8.416477702,0.473941368,0.017262798,-0.507042254,-0.013826614,-0.413999806,1
10.06,9.9,7.77651,0.653333333,0.013181801,-0.416017009,-0.015706878,-0.317573171,1
9.45,9.6,7.103310279,0.84358209,0.004427618,-0.441512126,-0.012459045,-0.270841999,1
8.53,10.1,6.469107867,0.881003202,-0.004857044,-0.325310559,-0.005951501,-0.297180975,1
7.13,10.7,5.84868,0.767378216,-0.010332907,-0.454545455,0.001509061,-0.202857999,1
6.24,11.7,5.288244655,0.723790323,-0.01707261,-0.463970588,0.007417925,-0.152047442,1
5.54,11.8,4.877802298,0.761486486,-0.021048329,-0.507638889,0.011284539,-0.113002784,1
5.49,12.9,4.58515,0.784295175,-0.024520936,-0.309409888,0.014330444,-0.033329588,0
5.22,13.4,4.504748303,0.65,-0.024506996,-0.196836555,0.016603125,0.04434009,0
5.55,15.3,4.61430698,0.657566303,-0.026499924,-0.128913444,0.019535963,0.106860488,0
6.1,15,4.87555,0.419426049,-0.02372959,0.017964072,0.024346374,0.119026633,0
6.14,15.6,5.28916958,0.343706777,-0.018646892,0.083969466,0.032287818,0.204157929,0
6.24,16.1,5.894807606,0.243093923,-0.017580461,0.266666667,0.041865179,0.31995596,0
5.82,15.4,6.72192,0.065982405,-0.013862393,0.330097087,0.050720025,0.204871429,0
5.22,16.6,7.835347198,-0.142918826,-0.00741072,0.417624521,0.057606554,0.303987376,0
5.2,16.5,8.984640337,-0.29822695,0.004700458,0.255466053,0.061586832,0.315490149,0
4.87,16.6,10.01208,-0.319417776,0.015654716,0.64600551,0.06281366,0.310210406,0
4.77,16.3,10.69016802,-0.390643275,0.024675629,0.632373114,0.061287964,0.222086088,0
4.84,16.5,11.0225753,-0.351265823,0.031311972,0.641748942,0.058588552,0.232845439,0
4.82,15.9,11.12043,-0.296394486,0.037038975,0.307159353,0.05523487,0.164261117,0
5.29,15,11.02868265,-0.211624441,0.035080393,0.306345733,0.052797217,0.099067447,0
5.48,16.9,10.82624862,-0.212352941,0.037310019,0.255813953,0.051448153,0.095493191,0
5.31,15.7,10.61113,-0.120787973,0.036172984,0.220588235,0.051401973,0.165521149,0
5.29,15.6,10.428627,-0.14886773,0.033064171,0.316901408,0.052536751,0.184507453,0
5.25,15.2,10.23175033,-0.075555556,0.034495261,0.391917293,0.053750621,0.254799025,0
5.02,15.2,9.94898,-0.022833563,0.030577766,0.300182482,0.053712847,0.155660387,0
4.95,15.3,9.531377154,-0.024559194,0.032889232,0.379279279,0.051573593,0.119026745,0
4.65,15.1,9.167465612,-0.042950985,0.031159875,0.384967919,0.048374064,0.191484606,0
4.61,15.2,9.05016,0.072806698,0.027858808,0.226778243,0.045234608,0.011600218,0
4.68,14.7,9.33651142,0.303902751,0.027557856,0.31092437,0.043250739,0.001103209,0
4.69,14.5,9.796972455,-0.023651146,0.029640219,0.426116838,0.042145896,-0.042327519,0
4.73,14.4,10.29335,-0.036623964,0.030721889,0.466431095,0.041321653,-0.031483639,0
5.35,14.9,10.58444512,-0.028827977,0.035001009,0.396984925,0.040461963,-0.040527021,0
5.39,14.4,10.75180319,-0.087378641,0.039205805,0.474747475,0.039898028,-0.036440315,0
5.42,14.3,10.90591,-0.068867925,0.041321483,0.35502008,0.040215976,-0.044373588,0
5.9,13.9,11.14783986,-0.034013605,0.042293988,0.359816654,0.041627601,-0.05966385,0
6.14,14,11.42366748,-0.09375,0.045561508,0.130317353,0.042855664,-0.0827632,0
6.47,13.7,11.64259,-0.134009009,0.048666642,0.233684211,0.042331895,-0.102623963,0
6.51,13.6,11.76612705,-0.114912847,0.049015454,0.156760287,0.039272699,-0.071204663,0
6.56,13.6,11.84686177,-0.03907075,0.049249204,0.160820649,0.036180578,-0.115019553,0
6.7,12.9,11.98173,-0.116474381,0.048382699,0.186903138,0.0359767,-0.125257269,0
6.78,12.5,12.23026831,-0.159960746,0.048896133,0.112820513,0.040753015,-0.128030445,0
6.79,12.4,12.49986337,-0.028009084,0.049993242,0.08373494,0.047020067,-0.093578533,0
6.89,12.3,12.75992,-0.09824781,0.054253132,0.173493976,0.052417744,-0.01635514,0
7.36,12.1,12.9057238,-0.123276561,0.053856837,0.058752998,0.053355149,0.011652049,0
7.6,12.1,12.96046963,-0.085106383,0.054092717,0.131849315,0.050850302,-0.049263573,0
7.81,12,12.95466,-0.010131712,0.052756115,0.058684055,0.046937504,0.018512919,0
8.04,11.4,12.93099011,-0.019561815,0.053060488,-0.05,0.043104643,0.067376296,0
8.45,11.4,12.96301419,-0.108753316,0.0489513,0.045997611,0.040460242,0.062260459,0
8.96,11.7,13.12398,-0.063719116,0.049594272,0.013083049,0.039752617,0.008771995,0
9.76,11.1,13.44291542,-0.064186725,0.050111081,0.013551666,0.041021982,-0.001370927,0
10.03,10.6,13.68864712,-0.03032967,0.050479801,0.036488027,0.041862196,0.010620431,0
10.07,11.1,13.59959,0.032165146,0.049814408,-0.160344828,0.039299112,0.119663866,0
10.06,11.2,12.99633792,-0.071261682,0.048347224,-0.140552995,0.031585501,0.106158064,0
10.09,11.7,12.25502051,0.00623053,0.047027849,-0.043913285,0.023226964,0.138773648,0
10.01,11,11.59988,0.315058987,0.037777675,-0.180184805,0.016884649,0.050913972,0
10.24,11.1,11.40257704,0.076780759,0.03791513,-0.046432616,0.016574914,0.018922296,0
10.29,10.4,11.47792159,0.148479428,0.036319724,-0.172970247,0.019760167,0.077253272,0
10.47,10.3,11.54227,0.129733879,0.034551167,-0.141097424,0.022486441,0.031088578,0
10.94,10.6,11.38359664,0.141260974,0.032200542,-0.059136606,0.022042547,0.05837931,0
11.43,10.5,11.07344947,0.206349206,0.030883007,-0.064534552,0.019423986,0.066120528,0
13.77,10.5,10.77067,0.223090278,0.028707536,-0.168444694,0.016825426,0.093075661,0
13.18,10.6,10.56663501,0.203429462,0.024685771,-0.28913649,0.015410251,0.121013805,0
13.78,10.8,10.45182904,0.208068903,0.022566566,-0.310231023,0.013908414,0.123088137,0
13.82,10.4,10.36201,0.181860465,0.022430412,-0.123887748,0.010140005,0.14239972,0
14.13,10.6,10.24253067,0.130188679,0.020526641,-0.196380697,0.002871448,0.180515218,1
17.19,11,10.04609643,0.243962848,0.016931347,-0.425581395,-0.005150461,0.004921744,1
17.61,11.4,9.68243,0.294854881,0.016014852,-0.494051346,-0.011967651,0.044516499,1
10.98,10.9,9.169090008,0.758075601,0.007027587,-0.48871734,-0.014614135,0.122729065,1
9.47,11.3,8.680760583,0.686137072,-7.77E-05,-0.318292683,-0.013786843,0.110096138,1
9.03,11.8,8.50308,0.372593431,-0.004178813,-0.179269883,-0.01075575,0.172045086,1
9.61,12.4,8.79167975,0.271048951,-0.002225914,-0.140791955,-0.00655517,0.119465761,0
10.87,12.9,9.341606876,0.259868421,-0.001262081,-0.094017094,-0.002495619,0.147639947,0
12.81,13.1,9.82563,0.111426544,9.95E-05,-0.077650236,0.000121149,0.251915154,0
15.85,13.6,10.04780544,0.067875648,0.001921102,0.083855799,0.000889472,0.323662384,0
18.9,13.7,10.06850762,-0.033771107,0.002988795,-0.003987241,0.001615588,0.25773571,0
19.08,14.3,10.04165,-0.03408107,0.002566079,-0.04609375,0.004908072,0.134810778,0
15.93,14.1,10.0972357,0.002225932,0.002442701,0,0.01240909,0.154935768,0
14.7,14,10.25137224,-0.054255849,0.002373783,0.197368421,0.02098439,0.332157952,0
15.72,13.9,10.55129,-0.229240958,0.004777158,0.472772277,0.028135769,0.249506038,0
18.52,13.6,10.94090387,-0.337763878,0.009688122,0.362369338,0.030155168,0.19192735,0
19.1,13.7,11.2261423,-0.300692841,0.015416033,-0.127012522,0.027525768,0.148547,0
19.04,13.8,11.13148,-0.234323432,0.019601514,-0.257347101,0.021684358,0.076025316,0
17.82,14.4,10.48206813,-0.148327465,0.016270991,-0.349670812,0.013732764,0.003350253,1
15.87,13.6,9.497738699,-0.013707572,0.014011284,-0.429245283,0.006063846,-0.073967791,1
15.08,13.5,8.53189,0.138697318,0.009835341,-0.464860908,0.001169333,-0.043775021,1
13.31,13.1,7.767144669,0.257884522,0.004672331,-0.459146782,0.000294873,-0.100839778,1
12.37,13.1,7.232951808,0.324757282,-0.000527803,-0.362690152,0.002247739,-0.097304011,1
13.22,13.4,6.80779,0.301499348,-0.005140993,-0.34971335,0.005176505,-0.070629107,1
14.78,14.1,6.432119332,0.256524153,-0.00594918,-0.326105088,0.007348916,-0.138340843,1
14.68,14.1,6.094524101,0.377236842,-0.008507839,-0.246830093,0.008306255,-0.176764713,1
14.94,14.5,5.68498,0.442035691,-0.01241195,-0.253781513,0.008164851,-0.123258762,1
14.45,14.9,5.23064599,0.446694215,-0.013023572,-0.187553282,0.007124985,-0.156195789,1
14.15,15.7,4.741938779,0.344782034,-0.017761504,-0.06454918,0.00706701,-0.164621636,1
12.59,15.4,4.30528,0.298060345,-0.022707176,0.11657754,0.010250178,-0.182019572,1
10.12,16.2,3.937980641,0.368410853,-0.02404849,0.041619798,0.018186383,-0.026712265,1
10.31,16.6,3.659817899,0.389675711,-0.025077342,0.230224321,0.027877458,0.036495077,1
9.71,17.2,3.46926,0.300314042,-0.027062815,0.571819425,0.035026194,0.097054739,1
9.2,17.1,3.354724894,0.145612343,-0.026159634,0.643048128,0.037328436,0.096398901,1
8.95,18.1,3.352876565,-0.04756321,-0.023367622,0.697236181,0.036965435,0.147613183,0
8.68,19.4,3.50134,-0.062459304,-0.017390824,0.795969773,0.037616579,0.206810636,0
8.51,19.2,3.818697632,-0.083384887,-0.018175193,0.820544554,0.042036127,0.308991218,0
8.77,19.4,4.190598096,-0.136954237,-0.014861667,0.655443322,0.048253454,0.36620229,0
8.8,19.5,4.60917,-0.18280319,-0.008718802,0.763513514,0.055530099,0.412143509,0
8.63,20.5,4.968587072,-0.197423185,-0.005138336,0.751311647,0.061232788,0.451465886,0
8.98,20.8,5.382668557,-0.266257367,0.001735937,0.937568456,0.065277087,0.529422475,0
9.37,21.2,5.94679,-0.295899054,0.010232236,0.719348659,0.06730291,0.517975573,0
9.56,20,6.772924011,-0.317707596,0.00857178,0.849892009,0.067529855,0.37561703,0
9.45,20.2,7.710852757,-0.395609106,0.023143424,0.521113244,0.066651243,0.379089933,0
9.48,20.2,8.54785,-0.399599779,0.029390262,0.493472585,0.065644477,0.223078087,0
9.34,19.7,9.198178219,-0.351725589,0.034791521,0.357200976,0.065094078,0.201183824,0
9.47,19.2,9.638991102,-0.270052324,0.038965428,0.204293116,0.064726498,0.172710425,0
9.56,20.4,9.95892,-0.271055935,0.041386673,0.273492286,0.06396849,0.124638683,0
9.59,19,10.1936764,-0.292146748,0.04768492,0.350781781,0.062390332,0.060786169,0
9.91,19.1,10.35664305,-0.279570488,0.048703558,0.169491525,0.060432204,0.040664133,0
10.29,18.9,10.48483,-0.238962175,0.049550154,0.134099617,0.05734409,-0.026637415,0
10.32,18.8,10.56539672,-0.225993009,0.049685422,0.043139605,0.053773538,-0.072910869,0
11.06,18.1,10.55270662,-0.165566638,0.049521778,0.025438101,0.049896426,-0.0862563,0
11.23,18,10.38571,-0.051829843,0.048121897,-0.105849582,0.046421266,-0.073203704,0
11.64,17.3,10.02080625,-0.100186812,0.054399805,-0.106830123,0.043639998,0.013868608,0
11.3,17,9.555017354,-0.03465448,0.044900106,-0.039116719,0.042392694,0.000180641,0
9.99,16.7,9.12743,0.067190553,0.04489729,-0.131701632,0.043350368,0.015530376,0
9.43,17,8.799384911,0.018437967,0.044702041,-0.01498801,0.046750418,-0.016947068,0
8.38,16.8,8.55373636,0.022980266,0.042036214,-0.000614628,0.050491357,0.014006015,0
8.35,15.9,8.3025,0.078420595,0.039914538,-0.085903084,0.052344252,0.099259535,0
8.5,15.9,8.00152474,0.164203501,0.035917859,-0.163563161,0.050658941,0.153571853,0
8.58,16.1,7.710003081,0.108051629,0.036530413,0.00115942,0.047980347,0.134941651,0
8.27,16.4,7.41043,0.084825706,0.034608495,-0.063063063,0.047332287,0.123586371,0
7.97,15.3,7.183017074,0.090483619,0.03415588,-0.018380241,0.050825181,0.259050144,0
7.53,15.5,7.03242145,0.085162367,0.031541401,-0.054024256,0.056142125,0.252448197,0
7.88,15.5,6.98185,0.034195474,0.030161728,0.057320872,0.059367988,0.267224167,0
7.9,15.3,7.028081295,0.030865052,0.029547942,0.181699346,0.058046251,0.131689542,0
7.92,15.3,7.119249588,0.025858691,0.028328998,0.258043336,0.053419635,0.096207077,0
7.99,15.3,7.1851,-0.044019654,0.027230234,0.169798658,0.04808264,0.142874415,0
8.05,15.7,7.174261527,0.003378594,0.025640224,0.029823494,0.043635421,0.235909008,0
8.27,15.1,7.077187256,0.00675982,0.026033484,0.103321033,0.040825255,0.263334087,0
8.14,14.8,6.88766,-0.016310581,0.024488441,0.112650602,0.039577998,0.178978974,0
7.86,15.2,6.618889328,-0.052357552,0.0242894,0.063176895,0.039913899,0.252456158,0
7.48,14.6,6.354412758,0.004493011,0.021602197,0.030689056,0.040794677,0.322373457,0
6.99,14.7,6.09956,-0.024456522,0.021465818,0.116586538,0.041346163,0.309681373,0
6.85,14.7,5.936957678,-0.038144718,0.019894771,0.051492101,0.04078428,0.304932746,0
6.92,15.2,5.839593642,-0.016500089,0.01740219,0.043123543,0.039929192,0.30747974,0
6.56,15.2,5.78211,-0.03408681,0.018689579,0.048909841,0.040014528,0.236748363,0
6.17,15.5,5.73677648,0.009129968,0.017865904,-0.045353982,0.041730899,0.340878897,0
5.89,15.4,5.717771176,-0.033656906,0.019266663,-0.120041754,0.04372619,0.270430604,0
5.85,15.2,5.7442,-0.062169964,0.019219611,-0.039013196,0.044134665,0.285322869,0
6.04,15,5.835706309,-0.084828463,0.018944973,-0.028368794,0.041833418,0.232724952,0
6.91,15,5.994074859,-0.074206755,0.019268018,0.060758082,0.038492982,0.146204085,0
6.43,14.9,6.2355,-0.105675375,0.019709922,-0.085002707,0.036123085,0.294173143,0
6.1,14.7,6.547646137,-0.079112291,0.020961688,-0.044142615,0.036377564,0.252423826,0
6.13,14.9,6.837100263,-0.126145839,0.022540279,-0.042696629,0.037817758,0.221013057,0
6.37,14.8,7.09353,-0.133655292,0.02399088,-0.138320775,0.038941794,0.224354535,0
6.85,14.9,7.234362139,-0.143741232,0.024987909,-0.165275459,0.038192609,0.172832015,0
6.73,14.9,7.343849007,-0.127935959,0.027683929,-0.14972067,0.035785161,0.211927942,0
6.58,14.2,7.51652,-0.112586046,0.027886964,-0.148314607,0.032533508,0.349568062,0
6.73,14.4,7.82362874,-0.20089291,0.028437161,-0.124565469,0.029072208,0.303918069,0
7.22,14.2,8.138208085,-0.216285714,0.027147918,-0.102016607,0.027127838,0.391276056,0
7.29,14,8.29029,-0.213096697,0.030133538,-0.136119403,0.028410139,0.032010809,0
6.69,14,8.189553877,-0.142421276,0.030545919,-0.113746959,0.033882982,-0.075916852,0
6.77,14.2,7.986014551,-0.133656164,0.031360376,-0.29322123,0.040630152,0.02027503,0
6.83,14.2,7.87693,-0.032213346,0.030542919,-0.263905325,0.045533394,-0.062062102,0
6.58,14.4,8.02037901,-0.091163643,0.032649947,-0.148608644,0.045720825,-0.057635483,0
6.58,13.7,8.2899934,-0.090598513,0.032867423,-0.105046948,0.043053183,-0.112478559,0
6.87,13.3,8.56077,-0.119317788,0.031852531,-0.107432854,0.039071979,-0.093736993,0
7.09,13.8,8.676083649,-0.049287122,0.031790657,-0.037333333,0.036192699,-0.096311622,0
7.51,13.1,8.627740956,-0.106847648,0.033621197,-0.024310118,0.035112998,-0.100328947,0
7.75,13.4,8.43349,-0.046084185,0.032304126,-0.050791557,0.036475487,-0.14636294,0
8.01,13.6,8.114309982,-0.028807802,0.031771138,-0.033752482,0.040394962,-0.207034571,0
8.19,13.6,7.783193414,-0.004382126,0.032791996,-0.051519155,0.044553982,-0.155112901,0
8.3,13.4,7.57156,-0.029989452,0.030425255,0.047684865,0.046047207,0.107947134,0
8.35,12.6,7.534687641,-0.054279643,0.031391479,0.035003432,0.043114369,0.188449885,0
8.76,12.9,7.537219196,0.014590458,0.031226787,0.11598513,0.037828015,0.124008413,0
9.12,12.6,7.38356,-0.107137868,0.032847243,0.178456592,0.032658376,0.157155611,0
9.36,12.4,6.940911063,-0.032040497,0.03083079,-0.038247566,0.029935667,0.078560143,0
9.85,12.3,6.409715136,0.065053093,0.029974447,-0.203934426,0.029286834,0.138977859,0
9.84,12.5,5.87118,0.015969607,0.029207883,-0.037088873,0.029875551,0.184862168,0
9.81,12,5.546397383,0.036265708,0.028114937,-0.043628809,0.030853973,0.222612085,0
9.53,11.1,5.373158941,0.080524594,0.02564419,-0.10976431,0.031413656,0.162632581,0
9.24,11.8,5.27503,0.055108268,0.023865467,-0.108408617,0.030687444,0.272259396,0
8.99,11.4,5.176717698,0.065686812,0.023146659,-0.08630137,0.028206241,0.343874376,0
9.02,11.5,5.102021476,0.097145149,0.02222369,-0.084958217,0.025251483,0.284064539,0
8.84,11.9,5.09236,0.272292238,0.020700817,-0.099604222,0.023529477,0.220059446,0
8.55,11.7,5.182336162,0.142359827,0.020024949,-0.108753316,0.024014142,0.264121209,0
8.45,11.6,5.376666782,0.177891158,0.018129432,-0.052631579,0.025744696,0.272504655,0
8.23,11.8,5.6934,0.250965109,0.018999449,0.192360164,0.027376985,0.106262769,0
8.24,11.6,6.114630857,0.19580451,0.018691763,-0.039045553,0.027709166,0.148965008,0
8.28,11.7,6.512823426,0.074268881,0.018797447,0.026359143,0.027041638,0.152847044,0
8.26,11.8,6.87588,0.174549558,0.017598872,-0.174418605,0.025718624,0.068337334,0
8.18,11.7,7.06672107,0.100557617,0.017847711,-0.22737147,0.02421808,0.127012428,0
8.29,11.6,7.068437881,0.103703942,0.016940209,-0.161875946,0.022321098,0.125919796,0
8.15,11.9,6.86706,0.135172233,0.016239625,-0.159781761,0.019908275,0.02909734,0
8.13,12.2,6.448190116,0.147308119,0.013845727,-0.198650675,0.016611352,-0.082202342,1
8.2,12.4,5.867682186,0.170444516,0.010621119,-0.257229833,0.012490529,-0.123442666,1
8.11,12.2,5.21432,0.159416559,0.008213798,-0.322344322,0.007769334,-0.106828025,1
7.81,12.4,4.507845918,0.30701408,0.004239003,-0.29985119,0.002439244,-0.068701378,1
7.31,12.5,3.850338828,0.261427571,0.003041273,-0.394514768,-0.001988435,-0.065591379,1
6.91,12.2,3.25595,0.218024375,-0.001291244,-0.550343249,-0.004399091,0.045125825,1
6.25,12.7,2.794073068,0.356263513,-0.006396491,-0.358164033,-0.003746607,0.105998947,1
6.12,12.9,2.487247245,0.445460917,-0.009740615,-0.268860353,-0.001598248,0.103783017,1
5.91,13.5,2.25357,0.320544062,-0.01204325,-0.193661972,0.00080348,0.134643318,0
5.78,12.9,2.120769033,0.263237953,-0.014457524,-0.071227741,0.001861744,0.079173865,0
5.9,13.7,2.080224825,0.184018209,-0.013836169,-0.129963899,0.001964331,0.036701903,0
5.82,13.8,2.1382,0.109739336,-0.013949592,-0.097402597,0.001824619,0.088895141,0
5.66,13.9,2.308621986,0.112717313,-0.011895965,-0.116931712,0.002244394,0.225911444,0
5.45,14,2.626402658,0.078065454,-0.010792549,-0.00204918,0.004317894,0.267309264,0
5.21,14.4,3.11326,-0.01340794,-0.009234961,0.071351351,0.008999348,0.290953987,0
4.81,14.8,3.803982985,0.034302802,-0.00838728,0.045696068,0.017010219,0.164483892,0
4.43,15.4,4.514669145,-0.007149886,-0.007667152,0.232288037,0.025476549,0.26306703,0
4.03,16.1,5.11116,-1.94E-05,-0.006272007,0.370229008,0.031771001,0.188555832,0
4.06,16.7,5.427969113,-0.097764319,-0.003880995,0.343493552,0.033322813,0.124308726,0
3.98,17.1,5.504251746,-0.14088199,-0.001915709,0.187705818,0.032096214,0.075875489,0
3.73,17.4,5.42945,-0.109529566,0.001439553,0.150655022,0.03023685,0.105531029,0
3.82,17.8,5.286805194,-0.082710489,0.003704354,0.065590313,0.030062858,0.065464484,0
3.76,18.2,5.184095044,0.014502114,0.003526035,0.096473029,0.032045299,0.09963361,0
3.25,18.1,5.24737,0.055764403,0.004635615,0.119218911,0.036114255,0.093860378,0
3.3,18,5.529561111,-0.051724447,0.005687221,0.138771186,0.04210611,0.047037418,0
3.22,18.1,5.779925416,-0.010045567,0.005768982,0.143737166,0.047409374,0.077192812,0
3.1,18.9,5.68287,-0.104881751,0.007263029,0.142280525,0.048988485,0.066836489,0
3.09,17.9,5.042173511,-0.191083581,0.009049189,0.136178862,0.045161695,0.149592252,0
2.92,19,4.200443824,-0.290770182,0.010791101,0.108388313,0.038902757,0.044642632,0
3.02,18.3,3.539,-0.249304049,0.013167608,0.092850511,0.033656972,0.073389109,0
3.03,18.2,3.408503085,-0.249191051,0.016009159,0.001745201,0.032434825,0.074339695,0
3.07,17.6,3.60270459,-0.177559695,0.015050568,-0.024029575,0.033766291,0.118853602,0
2.96,17.6,3.88412,-0.147266144,0.016392838,0.04743833,0.036026266,0.06082658,0
3,17.5,4.005982778,-0.154982068,0.0176803,0.053030303,0.037292599,0.083881053,0
3.04,17.8,3.997741893,-0.199455947,0.018699583,0.069063387,0.037393432,0.103861377,0
3.06,17.7,3.9429,-0.229797555,0.020800779,0.07805326,0.036446775,0.056387201,0
3.03,18,3.911648017,-0.175388805,0.020949426,0.144186047,0.034706823,0.11962901,0
3.09,18.1,3.930381852,-0.187026995,0.022842616,0.122980251,0.033241242,0.098444246,0
2.99,18.1,4.00747,-0.080740926,0.023757605,0.136925795,0.033230325,0.117392746,0
3.02,18.6,4.153518845,-0.067805297,0.024826816,0.213774597,0.035373998,0.070569149,0
2.96,18.3,4.340947975,-0.031976384,0.02575366,0.242346939,0.038443298,0.070551563,0
3.05,18.6,4.55734,0.03118542,0.025519358,0.180968564,0.041056737,0.097611528,0
3.25,19,4.773728899,0.034304719,0.024880278,0.105400697,0.041867313,0.053588366,0
3.34,19,4.957097321,-0.043373938,0.029536632,0.270833333,0.041260202,-0.013062687,0
3.56,19,5.13549,-0.046466397,0.029827202,0.260869565,0.039699672,0.024353125,0
4.01,19.5,5.270866259,0.056357373,0.030341946,0.255395683,0.037899518,0.0140163,0
4.25,18.8,5.352372122,-0.001173908,0.031511846,0.200884956,0.0364411,-0.013894768,0
4.26,19,5.35414,-0.011788152,0.032019594,0.13713799,0.036096297,0.022605059,0
4.47,18.8,5.283625737,-0.013947355,0.033189163,0.119512195,0.037146516,0.025735594,0
4.73,18.7,5.261568772,-0.030318902,0.034086423,0.128697042,0.038371231,0.008236546,0
4.76,19.3,5.42867,-0.054453263,0.033355111,0.085470085,0.038184064,0.00966167,0
5.29,18,5.865149239,-0.045145826,0.034699527,-0.012527634,0.035588381,-0.017540455,0
5.45,17.8,6.318413039,0.039416755,0.034295177,-0.044490075,0.031997114,-0.01539291,0
5.53,17.1,6.51039,-0.043665712,0.034697738,-0.077697842,0.02899829,-0.02323451,0
5.92,17,6.221006054,-0.032744462,0.034729796,-0.011820331,0.028084975,0.043348888,0
5.98,17.3,5.748870846,0.015005765,0.032362602,-0.086438152,0.028665211,0.123247422,0
6.05,17.6,5.32499,0.018583747,0.030671174,-0.095545977,0.030005054,0.141491689,0
6.01,17,5.252167688,0.033476125,0.027455937,-0.089541547,0.031226118,0.168455693,0
6,15.9,5.395077964,0.086315855,0.026706465,-0.038319823,0.031875326,0.226168802,0
5.85,16.5,5.52437,0.091909517,0.024194463,0.01423221,0.031474169,0.226508938,0
5.74,16.2,5.475463511,0.058295435,0.023846408,0.006535948,0.02985745,0.181686296,0
5.8,16.2,5.290230079,0.086639494,0.022819759,0.006373938,0.028102106,0.263015678,0
5.76,16,5.07944,0.13502698,0.022292663,0.002147459,0.027560175,0.231078634,0
5.8,16.4,4.919120977,0.140093561,0.019900583,0.067164179,0.029070935,0.334325183,0
5.6,16.3,4.863120826,0.110279422,0.018567457,0.032951289,0.031732343,0.341106556,0
5.56,16.1,4.9423,0.108461726,0.015578329,0.081903276,0.034462638,0.352025854,0
5.22,16.4,5.172786627,0.12108695,0.017497558,0.132376396,0.03613401,0.313999001,0
5.31,17.3,5.454800373,0.114419835,0.017859434,0.172104405,0.036803275,0.289169403,0
5.22,17.6,5.72939,0.040338242,0.017868735,0.16203336,0.036504498,0.270948602,0
5.24,17,5.896616096,-0.071424233,0.020844724,0.146341463,0.035552518,0.254443129,0
5.27,17.6,5.990662597,-0.050595357,0.02118626,0.095019157,0.03433678,0.231078486,0
5.4,16.7,6.05196,-0.062135451,0.022438792,0.070901034,0.033414546,0.138579536,0
5.22,17.3,6.129742212,-0.076294554,0.021803438,0.019480519,0.033120015,0.160372293,0
5.3,16.8,6.254488553,-0.059948845,0.021521704,-0.020408163,0.033501096,0.176109322,0
5.24,16.3,6.44756,-0.095082778,0.022331791,-0.03,0.034430007,0.212846122,0
5.31,15.9,6.726776826,-0.079829794,0.023582271,-0.012587413,0.035725432,0.250507997,0
5.29,15.6,6.990899131,-0.032045286,0.023865864,-0.02149792,0.036488422,0.202636661,0
5.25,16,7.14824,-0.063815354,0.025768447,-0.003604903,0.035780936,0.236061678,0
5.19,15.8,7.115324195,-0.146315581,0.024742303,0.017605634,0.033119384,0.234826625,0
5.39,15.5,6.986928401,-0.181666507,0.025193066,-0.000695894,0.030375819,0.172920209,0
5.51,15.6,6.84381,-0.077051294,0.026248657,-0.028708134,0.029370164,0.224972175,0
5.5,15.4,6.79356417,-0.080020387,0.02561592,-0.029512697,0.031692541,0.267754716,0
5.56,15.5,6.851661678,-0.018489123,0.025438728,-0.018894332,0.036182217,0.319863425,0
5.52,16.4,7.01346,-0.03994902,0.025820697,-0.006896552,0.040608052,0.491225846,0
5.54,16,7.274532583,-0.003677959,0.024058499,0.025477707,0.043626257,0.379576351,0
5.54,15.9,7.558915455,-0.080472156,0.026374794,0.073275862,0.044915676,0.378202618,0
5.5,16.1,7.77472,-0.090558663,0.027064654,0.103829161,0.044724173,0.296836629,0
5.52,15.4,7.877376745,-0.073046883,0.027089585,0.040368272,0.043519333,0.262053841,0
5.5,15.9,7.898339978,-0.115613102,0.028121698,0.031892275,0.042813729,0.310081818,0
5.56,15.6,7.9028,-0.088159564,0.028433247,0.125180897,0.044284196,0.246921826,0
5.51,15.4,7.940384107,-0.041383152,0.027465032,0.139792388,0.048936245,0.326901136,0
5.49,14.5,7.998530921,-0.017580971,0.026024803,0.117688022,0.054045265,0.455185449,0
5.45,14.7,8.07143,-0.060388121,0.025814417,0.088669951,0.057910713,0.387363619,0
5.49,14.7,8.128810145,-0.039014002,0.026909928,0.099009901,0.057942522,0.285919636,0
5.56,14.1,8.13587266,0.043299177,0.026558111,0.106276748,0.055719839,0.280972441,0
5.54,14.1,8.05137,0.04204126,0.025130159,0.118055556,0.053752798,0.174324953,0
5.55,13.7,7.850185856,-0.048717098,0.02804247,0.141476881,0.053697686,0.064271248,0
5.51,14.4,7.605237875,-0.031205839,0.025648494,0.055555556,0.054989296,0.073610737,0
5.07,14.1,7.41601,0.013103607,0.024431176,0.14676451,0.056350628,0.201231167,0
4.83,14.5,7.32983362,0.014572752,0.024121501,0.138189244,0.056926268,0.217950571,0
4.68,14,7.288453496,-0.016873312,0.024470331,0.196428571,0.056701653,0.266685891,0
4.63,13.4,7.19165,0.026621017,0.023152784,0.113826367,0.05591916,0.305382112,0
4.76,13.8,6.971723958,-0.055648168,0.024851229,0.044323012,0.054834545,0.180103681,0
4.81,13.4,6.711478154,-0.040104448,0.024485916,0.037383178,0.053792688,0.167569771,0
4.74,13.3,6.43348,-0.006778513,0.025164803,0.034259858,0.052775741,0.20097149,0
4.74,13.4,6.239284342,-0.00967041,0.023574749,0.055341055,0.052063752,0.193450826,0
4.76,14.3,6.130338099,-0.152738345,0.023888268,0.097356544,0.051498778,0.210673466,0
4.99,13.6,6.11392,-0.148266029,0.025409427,0.044720497,0.050953515,0.185647799,0
5.07,13.1,6.201326695,-0.077084542,0.023903407,0.010278114,0.050360532,0.379335193,0
5.22,13.1,6.455533405,-0.042892916,0.023800133,-0.016487001,0.050240761,0.261255984,0
5.2,13.3,6.92916,-0.0684692,0.025376473,-0.04072135,0.051166082,0.240527182,0
5.42,12.9,7.661681865,-0.112675232,0.025431654,0,0.053445666,0.193601083,0
5.3,12.9,8.377902412,-0.102213436,0.024912426,-0.033869116,0.05584456,0.195260467,0
5.45,13.1,8.82761,-0.122568065,0.025893997,-0.002886836,0.057058279,0.089728318,0
5.73,12.6,8.790696596,-0.025857944,0.02345256,-0.01627907,0.05601314,0.103437769,0
5.85,12.7,8.535550071,-0.091953235,0.026279057,-0.008408408,0.054060398,0.164968059,0
6.02,12.4,8.36985,-0.137175961,0.025581215,-0.001875,0.051930706,0.087815871,0
6.27,12.6,8.540227238,-0.063093276,0.025585692,-0.059146341,0.051003074,0.091224738,0
6.53,12.3,8.832563774,-0.011656329,0.02308306,-0.076380729,0.05075486,0.05965573,0
6.54,13.4,8.89787,-0.007590397,0.02184361,-0.083234245,0.05040451,0.076848386,0
6.5,12.9,8.491081451,0.08131327,0.020559363,-0.071214841,0.049244066,0.149400576,0
6.52,12.2,7.727465291,0.047687637,0.019902759,0.012250161,0.047123167,0.119902436,0
6.51,12.7,6.85448,0.064969442,0.016706352,-0.043662826,0.044140041,0.048769906,0
6.51,12.4,6.001641511,0.172270555,0.016025567,-0.034688995,0.040209307,-0.053250449,0
6.4,12.5,5.310911181,0.304902959,0.014802808,-0.083184789,0.036168009,-0.101391847,0
5.98,12.7,4.8035,0.164581632,0.012914059,-0.016213086,0.032458563,-0.020402128,0
5.49,12.8,4.51948221,0.252118519,0.012719619,-0.021276596,0.029689948,-0.09256312,0
5.31,12.8,4.286483978,0.389121729,0.008753201,0.004845548,0.02750456,-0.225713682,0
4.8,12.4,3.816,0.490988687,0.004359363,0.043206011,0.024999631,-0.139745176,1
4.21,12.1,3.005394537,0.400753039,0.002331249,0.079066753,0.022043704,-0.115993265,1
3.97,12.7,2.047212499,0.383217364,0.001764096,0.034351145,0.01941106,-0.158270298,1
3.77,12.9,1.33795,0.422884307,-0.000453696,0.036316472,0.018511111,-0.15347734,1
3.65,13.3,1.060207169,0.276138742,-0.001489716,0.040592784,0.020042263,-0.25308371,1
3.07,13.2,1.003667167,0.455605812,-0.004328972,-0.003184713,0.022787584,-0.275368822,1
2.49,13.3,0.82117,0.605364545,-0.006776716,-0.006975269,0.024925804,-0.258584013,1
2.09,14.3,0.277314586,0.319788322,-0.010650977,0.022924411,0.025367787,-0.133465156,1
1.82,14.5,-0.335326985,0.185440068,-0.012997092,0.088788075,0.024699091,-0.130426932,0
1.73,14.7,-0.66889,0.210924276,-0.01389475,-0.020011772,0.023963771,-0.172626889,0
1.74,15,-0.426101955,0.068203393,-0.015451342,0.07910628,0.024079961,-0.107432591,0
1.73,15.4,0.112058345,0.059651129,-0.015283103,0.019288728,0.024994091,-0.011151949,0
1.75,16.3,0.7483,0.099384197,-0.013881865,0.00180072,0.026793704,-0.138091593,0
1.75,16.8,1.161347247,0.047020416,-0.013433918,0.030630631,0.029036595,-0.150244413,0
1.75,16.9,1.401817267,-0.029450771,-0.012221114,0.081180812,0.030787268,-0.191574509,0
1.73,16.9,1.5462,-0.052235245,-0.011975459,0.087609512,0.0307007,-0.247360113,0
1.74,16.5,1.677876783,-0.015933235,-0.010905538,0.049535604,0.028054287,-0.191878789,0
1.75,17.6,1.778006306,-0.049715149,-0.009613707,0.152076677,0.02426668,-0.216784757,0
1.75,17.8,1.81152,-0.148845182,-0.006275291,0.148786718,0.021351668,-0.164203905,0
1.34,17.6,1.764026062,-0.081737936,-0.00401043,0.072683222,0.020492982,-0.178278961,0
1.24,18.5,1.689131343,-0.01572236,-0.003885585,0.128571429,0.021321636,-0.23365964,0
1.24,18.5,1.65153,-0.043274969,-0.00207843,0.085885886,0.023024288,-0.242877323,0
1.26,18.5,1.710276486,0.028492728,-0.002225587,0.037493005,0.024891905,-0.239968159,0
1.25,18.1,1.844052637,0.048197714,-0.003717529,0.03903016,0.026754551,-0.260774469,0
1.26,19.4,2.065,0.009836905,-0.003383447,0.080287597,0.029228609,-0.148571904,0
1.26,19,2.340240025,0.025401382,-0.003344891,0.069347319,0.032092355,-0.097035053,0
1.22,19.9,2.696782067,0.117887419,-0.003718581,0.066552901,0.034928561,-0.015477569,0
1.01,19.7,3.12508,0.069158089,-0.003039723,0.084579977,0.036813583,0.086318865,0
1.03,19.2,3.647346712,0.017433852,-0.003338361,0.159882006,0.037417953,0.100363512,0
1.01,19.5,4.163243569,-0.027211911,-0.001877049,0.087631725,0.037427751,0.2216293,0
1.01,19.3,4.55476,-0.060518547,-0.001301256,0.118399111,0.037879124,0.186224202,0
1,19.9,4.776344902,-0.085715417,-0.001087023,0.083003953,0.039455648,0.130181193,0
0.98,19.8,4.869616671,-0.139636475,0.000896634,0.047995781,0.041257337,0.263804,0
1,19.9,4.93084,-0.135054528,0.001462526,0.079646018,0.042212138,0.321876813,0
1.01,20.1,5.036785699,-0.137017484,0.002935743,0.060409924,0.041383721,0.361160207,0
1,19.8,5.209538926,-0.204353061,0.006986779,0.175867957,0.03957526,0.327795952,0
1,19.6,5.49766,-0.200021723,0.009462802,0.148086522,0.037050137,0.207629967,0
1,19.8,5.869109935,-0.18963101,0.011519853,0.171662125,0.034865947,0.163025792,0
1.03,20.5,6.196633526,-0.198020738,0.012272577,0.077333333,0.03344413,0.170692628,0
1.26,18.8,6.27849,-0.213059541,0.01272589,0.120424403,0.03336077,0.112500099,0
1.43,18.8,6.012396184,-0.150554202,0.0137362,0.04577823,0.034788119,0.095465302,0
1.61,19.4,5.601479085,-0.137639806,0.014069804,0.040795512,0.036659122,0.119089921,0
1.76,19.5,5.34076,-0.122838311,0.015275191,0.042246521,0.037565277,0.075653599,0
1.93,19.7,5.402446026,-0.092903118,0.015564411,0.083941606,0.036703943,0.10926101,0
2.16,19.4,5.612239028,-0.09453149,0.01561196,0.04781077,0.035172782,0.089934524,0
2.28,19.5,5.71681,-0.032741775,0.015322624,0.09579918,0.034415197,0.044327367,0
2.5,19.1,5.515328594,-0.134175766,0.016859772,0.075279756,0.035572775,0.051234159,0
2.63,19.5,5.171093326,-0.024823686,0.015371009,-0.001936108,0.037539712,0.04828585,0
2.79,19.6,4.79779,-0.072703409,0.016054662,0.038647343,0.039682484,0.044748419,0
3,18.6,4.588604804,-0.019488584,0.015154506,-0.030232558,0.040663019,0.063193724,0
3.04,17.9,4.507632384,-0.064130836,0.016311729,0.078217822,0.040229112,0.044256856,0
3.26,17.6,4.49555,-0.054920591,0.018579749,0.043087121,0.038292477,0.120230264,0
3.5,18.4,4.517014654,-0.067614052,0.01941571,0.079280156,0.034925727,0.105131101,0
3.62,17.9,4.668378562,0.137044277,0.018703827,0.108770211,0.031632745,0.102487132,0
3.78,17.9,5.05918,0.049261569,0.016660879,0.034811636,0.030170644,0.067961478,0
4,17.5,5.768212528,-0.042020256,0.018797021,0.066859067,0.031469078,0.064456252,0
4.16,17.5,6.532212995,0.011012102,0.019028377,0.018251681,0.033953823,0.030010226,0
4.29,16.9,7.10678,-0.159896279,0.019993825,0.034128097,0.035615731,0.083647205,0
4.49,17.8,7.239927002,-0.062030527,0.020315671,0.012771996,0.034747118,0.064024642,0
4.59,17.1,7.047227093,-0.073685848,0.021708768,0.027158099,0.032374132,0.096799085,0
4.79,16.7,6.6344,-0.068069421,0.020106937,-0.070697674,0.029185592,0.132912661,0
4.94,17.1,6.177961425,0.019199472,0.01910909,-0.086330935,0.026602688,0.065958847,0
4.99,16.6,5.787918538,-0.060273317,0.017804221,-0.142791552,0.025150765,0.066203317,0
5.24,17.1,5.62091,-0.022075237,0.016558214,-0.199727644,0.025479885,0.034419597,0
5.25,17.1,5.746970439,0.004624693,0.016325074,-0.223974763,0.027792213,0.068415915,0
5.25,17.1,6.03617767,-0.170891072,0.016918927,-0.268669907,0.030692261,0.087108594,0
5.25,16.3,6.28681,-0.082230563,0.016313589,-0.276497696,0.032338407,0.141614344,0
5.25,16.2,6.371468965,0.0159055,0.01533197,-0.307935077,0.031597757,0.120970346,0
5.24,16.1,6.320506967,0.007161198,0.015536222,-0.227358491,0.029317334,0.136194318,0
5.25,16.3,6.21209,0.066550715,0.015113034,-0.264918626,0.026666525,0.123554809,0
5.26,16.7,6.112835829,0.11359992,0.013406702,-0.253619804,0.024781067,0.098511634,0
5.26,17.8,6.030258255,0.016909262,0.01283964,-0.246458924,0.023806814,0.097299335,0
5.25,16.9,5.92953,0.081011485,0.012031919,-0.264264264,0.02338484,0.131053488,0
5.25,16.6,5.809641567,-0.084120048,0.012850339,-0.216272966,0.023427152,0.205127224,0
5.25,16.5,5.665051404,0.043850818,0.012806032,-0.246384574,0.023454467,0.183553798,0
5.26,17.2,5.5115,0.028815803,0.01111046,-0.22802042,0.022942102,0.13990411,0
5.02,17,5.333830996,0.024546976,0.009647949,-0.232868757,0.021441467,0.130516521,0
4.94,16.3,5.08575904,-0.00740906,0.009162648,-0.238066465,0.019033047,0.142905287,0
4.76,17,4.71948,0.037465443,0.009644188,-0.240764331,0.016022971,0.124417661,0
4.49,17.3,4.183515264,0.015874257,0.008877898,-0.202605863,0.012519684,0.057481283,0
4.24,16.6,3.613570039,0.058127978,0.008312207,-0.298534799,0.009505824,0.03529573,0
3.94,17.5,3.10957,0.066211192,0.006756708,-0.327183272,0.007683991,-0.041502073,1
2.98,16.9,2.79582002,0.081674485,0.005575222,-0.365456821,0.007647225,-0.054157564,1
2.61,16.5,2.640140383,0.168988941,0.003497569,-0.394110276,0.008104116,-0.069084945,1
2.28,16.9,2.54918,0.144943626,0.001421732,-0.314285714,0.007450742,-0.065287364,1
1.98,16.6,2.477079162,0.194582049,-0.001014405,-0.333556597,0.004532795,-0.085089696,1
2,17.1,2.407246973,0.249320585,-0.002766352,-0.161336176,-0.000279085,-0.148568184,1
2.01,17,2.34519,0.219827805,-0.003962189,-0.323291697,-0.005696697,-0.129110071,1
2,17.7,2.229702204,0.358754449,-0.005817492,-0.350492051,-0.011100162,-0.129688828,1
1.81,18.6,1.773451433,0.486151693,-0.009738332,-0.367961935,-0.015418786,-0.236050444,1
0.97,19.9,0.68005,0.43636398,-0.013763659,-0.382550336,-0.017747742,-0.374749902,1
0.39,18.9,-1.264261781,0.609701969,-0.019797685,-0.488562092,-0.017860365,-0.394898537,1
0.16,19.9,-3.333052568,0.575294705,-0.025663071,-0.517841601,-0.017119482,-0.38485793,1
0.15,19.8,-4.84943,0.618961185,-0.031411192,-0.501828154,-0.017354712,-0.400906768,1
0.22,20.2,-5.164610343,0.826092431,-0.036200665,-0.449704142,-0.019757251,-0.447562415,1
0.18,20.9,-4.788538772,0.816816998,-0.041672693,-0.469493278,-0.02227103,-0.396786857,1
0.15,21.7,-4.29818,0.731136287,-0.045061424,-0.483134921,-0.022918976,-0.370080601,1
0.18,22.4,-4.246453288,0.670356151,-0.046282059,-0.44120603,-0.019809066,-0.343649572,1
0.21,23.9,-4.503814777,0.573064392,-0.048509143,-0.490677966,-0.014222249,-0.281781245,1
0.16,25.1,-4.77057,0.431613524,-0.049618931,-0.353963084,-0.008755931,-0.22084933,0
0.16,25.3,-4.80474399,0.299333703,-0.049027538,-0.282051282,-0.004875617,-0.204399624,0
0.15,26.6,-4.472220706,0.177758158,-0.047598506,-0.235884567,-0.0025181,-0.093693225,0
0.12,27.5,-3.71843,0.109536317,-0.045690009,-0.207880435,-0.000928232,0.069615423,0
0.12,28.9,-2.483914308,-0.050073342,-0.04048362,-0.004792332,0.000742987,0.22247391,0
0.12,29.7,-1.124228969,-0.162380851,-0.037469319,0.198555957,0.002924468,0.234541905,0
0.11,30.3,0.09069,-0.152463279,-0.031825708,0.166972477,0.006284503,0.300273634,0
0.13,29.8,0.85087815,-0.253422493,-0.027127771,0.164874552,0.010945264,0.502523432,0
0.16,31.6,1.272135145,-0.292926511,-0.019874895,0.339181287,0.015205166,0.465689976,0
0.2,33.3,1.68355,-0.253766019,-0.012917662,0.222648752,0.018412964,0.359620013,0
0.2,34,2.191127482,-0.234034919,-0.006274194,0.034172662,0.019011342,0.185249272,0
0.18,34.5,2.697403813,-0.245855732,-0.003785508,-0.023294509,0.01839981,0.121165593,0
0.18,33.9,2.96814,-0.222224041,-0.001859433,-0.026890756,0.018508558,0.115566896,0
0.19,33.7,2.915029807,-0.146129314,-0.000490418,-0.058441558,0.02070387,0.028129922,0
0.19,33.4,2.828991001,-0.167282339,0.000875179,-0.075533662,0.024013285,0.079577703,0
0.19,34,3.09962,-0.149539378,0.004467135,-0.042881647,0.026767567,0.141933504,0
0.19,33.9,3.970620469,-0.141061919,0.005320089,-0.101123596,0.027923302,0.077507958,0
0.18,34.7,4.959283516,-0.113698922,0.00797356,-0.048192771,0.027537536,0.127827138,0
0.17,37.2,5.52269,-0.103606011,0.00810434,-0.094339623,0.026061543,0.197649623,0
0.16,37.4,5.210959857,-0.169908315,0.010461396,-0.166153846,0.023981471,0.201658669,0
0.14,39.1,4.521954561,-0.136949738,0.010847223,-0.151382824,0.02201496,0.133740279,0
0.1,38.7,3.88899,-0.117283082,0.011472966,-0.087912088,0.020218966,0.149087001,0
0.09,39.6,3.813986201,-0.078284295,0.008066368,0.074782609,0.01915287,0.234796733,0
0.09,39.9,4.013036291,-0.087621534,0.010917031,0.083475298,0.018298362,0.2812916,0
0.07,40.7,4.02972,-0.097317078,0.012066666,0.07253886,0.017100829,0.173093734,0
0.1,40.5,3.558841071,-0.135700997,0.013040778,0.115517241,0.015130506,0.161588886,0
0.08,40.4,2.903731857,-0.080621773,0.01534827,0.08348135,0.013174565,-0.008569845,0
0.07,38.7,2.53368,-0.105480716,0.014819124,0.202508961,0.012264647,0.059192433,0
0.08,40.2,2.741779248,-0.092875978,0.014874011,0.260714286,0.012979938,0.056253364,0
0.07,40.4,3.311173904,-0.076207924,0.015859186,0.102848101,0.01456838,-3.18E-05,0
0.08,40.2,3.93833,-0.118937219,0.018416769,0.236111111,0.016070941,0.020441358,0
0.1,39.7,4.31168566,-0.095386677,0.018760681,0.361623616,0.016588608,0.028977927,0
0.13,39.3,4.357946878,-0.105416605,0.018773229,0.382504288,0.016270118,0.06233078,0
0.14,39.2,4.05734,-0.078843695,0.016919278,0.25989673,0.015330405,0.025153856,0
0.16,39.6,3.487238566,-0.115047788,0.016937443,0.28802589,0.014175244,-0.025921793,0
0.16,40.3,3.066938384,-0.078829057,0.015672009,0.248427673,0.013217448,0.031439316,0
0.16,39.3,3.35706,-0.067810249,0.016361653,0.367149758,0.01302048,0.067353759,0
0.13,39.6,4.660398492,-0.086650078,0.016709803,0.298299845,0.013850636,0.153984313,0
0.14,39.8,6.185245774,-0.091060314,0.016324958,0.524590164,0.015053204,0.27332908,0
0.16,39.6,6.86331,-0.065344216,0.015952873,0.321907601,0.015704637,0.126753354,0
0.16,39,6.05252389,0.015541596,0.016132921,0.298866856,0.015226141,0.135706116,0
0.16,37.6,4.469622268,-0.059834826,0.016356441,0.350071736,0.01406755,0.134056909,0
0.14,35.6,3.03917,-0.0439674,0.015112292,0.320224719,0.012838705,0.141495376,0
0.15,36.4,2.598470237,-0.024331159,0.015209951,0.326558266,0.012125416,0.109103153,0
0.14,37,2.83337238,-0.047176534,0.014420381,0.161290323,0.011923763,0.114109618,0
0.15,36.5,3.30018,-0.082216005,0.015225772,0.387978142,0.01206597,0.14282744,0
0.11,36.8,3.544150143,-0.073083513,0.016147696,0.260050251,0.012466059,0.244526222,0
0.09,36.4,3.455545957,-0.093595402,0.016952314,0.185138539,0.01325472,0.179215356,0
0.09,37.3,2.99782,-0.086534426,0.016575244,0.175500589,0.014526891,0.222145728,0
0.08,37.6,2.194957674,-0.111497919,0.0170902,0.144047619,0.016352209,0.16095069,0
0.08,37.4,1.503580129,-0.182656976,0.017066191,0.079569892,0.018022452,0.167199982,0
0.09,35.1,1.45545,-0.031607498,0.017543599,0.17361894,0.018702973,0.243867548,0
0.08,36.6,2.36199625,-0.144447321,0.018331343,0.12431843,0.018025671,0.275127449,0
0.09,36.5,3.656092259,-0.040505904,0.017040744,0.072263549,0.017107733,0.296012496,0
0.07,35.1,4.68688,-0.065008911,0.016883126,0.04787234,0.017372032,0.189892587,0
0.07,36.5,4.875954588,-0.041471149,0.016029566,0.069458631,0.019899859,0.227618959,0
0.08,35.3,4.597915582,-0.071452448,0.016853601,0.133547009,0.023444762,0.193188866,0
0.09,34.9,4.30564,-0.081066122,0.017823239,0.071850394,0.027559153,0.17925976,0
0.09,34.4,4.425233006,-0.108921525,0.017771868,0.015952144,0.030749851,0.179568759,0
0.1,33.9,4.864603388,-0.064229104,0.018797461,0.064824655,0.033117852,0.220353827,0
0.09,32.7,5.37271,-0.126292403,0.019677419,0.074148297,0.034636821,0.145302075,0
0.09,32,5.779910845,-0.097257164,0.019247376,0.084287201,0.035607795,0.226825986,0
0.09,31.9,5.976053266,-0.064812844,0.020112401,0.067729084,0.036434811,0.172899992,0
0.09,32.3,5.9044,-0.206451231,0.020320161,0.055715658,0.0375975,0.14887791,0
0.09,32.7,5.552979832,-0.116799286,0.020419012,0.031037827,0.039461961,0.144948799,0
0.12,32.7,5.143781174,-0.172254743,0.021879322,0.067393459,0.041340467,0.113906338,0
0.11,31.9,4.91014,-0.13605608,0.022112861,0.076142132,0.042548055,0.119152485,0
0.11,31.2,5.047121857,-0.114693987,0.022666715,0.082139446,0.042430824,0.131786311,0
0.11,30.5,5.354514929,-0.130581093,0.021371888,0.009425071,0.04150377,0.104441464,0
0.12,30.9,5.66647,-0.115749346,0.02112615,0.074380165,0.040147513,0.106988011,0
0.12,30.7,5.759714543,-0.129385637,0.02179986,0.247301276,0.038933366,0.095561873,0
0.13,28.4,5.657286497,-0.124987555,0.020639939,0.359281437,0.037659235,0.052483702,0
0.13,28.1,5.43366,-0.078084082,0.021080786,0.0625,0.036153525,0.089694272,0
0.14,28.3,5.134195932,-0.091802742,0.020578436,0.112284069,0.034165812,-0.015568737,0
0.14,26,4.784315704,-0.083178742,0.019257359,0.058768657,0.032022639,-0.026497122,0
0.12,27.5,4.40626,-0.077925723,0.01980106,0.057324841,0.03016283,0.030380841,0
0.12,27.9,3.988074774,-0.072001334,0.01939669,0.183443086,0.028754539,0.006214984,0
0.24,27.8,3.585908231,-0.057847129,0.019437876,0.129990715,0.027887623,-0.007265997,0
0.34,29.1,3.20761,-0.023799993,0.018533664,0.112264151,0.02743485,-0.027443747,0
0.38,29.1,2.898199944,-0.112177837,0.018387443,0.054721977,0.027336744,-0.081857933,0
0.36,28.4,2.684029069,-0.072940415,0.019491393,0.032679739,0.027484145,-0.003941169,0
0.37,28.2,2.54527,-0.087206521,0.018819831,-0.006837607,0.027470871,-0.009690656,0
0.37,26.9,2.503847173,0.029690277,0.016629814,-0.062155783,0.027257286,-0.004953968,0
0.38,28.1,2.538577831,-0.057843108,0.01740014,-0.123348018,0.026993032,0.017328207,0
0.39,27.9,2.62397,-0.098752934,0.017667023,0.040386304,0.026925517,0.033158418,0
0.4,27.3,2.750942974,-0.038841918,0.01774332,0.03106126,0.027190801,0.100786891,0
0.4,26.8,2.940024967,-0.058620945,0.018689684,0.124229075,0.027549961,0.12928964,0
0.4,26.4,3.21242,-0.052958013,0.017165697,0.098106713,0.027665256,0.022502016,0
0.41,25.8,3.594718043,-0.092547283,0.016682418,-0.007154213,0.027319151,0.056911932,0
0.54,26.1,3.985156207,-0.023019905,0.016195633,0.037797864,0.026710107,0.095350227,0
0.65,25,4.30758,-0.120957889,0.017316622,0.127226463,0.02607966,0.174530021,0
0.66,25.3,4.476913648,-0.099730413,0.016654235,0.044351464,0.025647277,0.223270479,0
0.79,25.4,4.547799453,-0.03360901,0.015882406,0.15641953,0.025213408,0.147096227,0
0.9,24.4,4.62178,-0.096034137,0.015873016,0.080034423,0.02470604,0.154408509,0
0.91,25,4.747446812,-0.130421621,0.016656591,0.01090604,0.023995069,0.150146692,0
1.04,25.1,4.880983582,-0.093387791,0.016256441,0.098827471,0.023452416,0.154631461,0
1.15,24.9,4.93544,-0.055651003,0.01530531,0.061603376,0.023637208,0.136501628,0
1.16,24.3,4.862181638,-0.093062883,0.015650491,0.087866109,0.024838503,0.138510771,0
1.15,26.4,4.721462113,0.07178663,0.013882564,-0.017241379,0.026291315,0.161921755,0
1.15,25.5,4.60897,-0.06248621,0.014780295,0.052507837,0.026965674,0.211231629,0
1.16,25.1,4.582231478,-0.040517831,0.01510728,0.059247398,0.026256491,0.175563154,0
1.3,23.8,4.608980843,-0.056087267,0.01480305,0.045130641,0.024876187,0.194199655,0
1.41,23.9,4.63104,-0.033985114,0.01422149,0.027840482,0.023752847,0.239127249,0
1.42,22.9,4.601486853,-0.075356826,0.015503717,0.060096154,0.023734101,0.148157165,0
1.51,24.2,4.541178687,-0.10681022,0.015867035,0.076622361,0.024558167,0.11772455,0
1.69,23,4.46337,-0.063066971,0.015727616,0.08685259,0.026059895,0.110666095,0
1.7,21.3,4.400767192,-0.080106219,0.016684438,0.07966805,0.027720908,0.121680888,0
1.82,21.2,4.365328354,-0.066116659,0.016883569,-0.015243902,0.029034275,0.121712882,0
1.91,23.1,4.3725,-0.09583626,0.016682909,0.035771065,0.029271971,0.140059905,0
1.91,22.6,4.427443868,-0.1088788,0.017308268,-0.039230769,0.028112534,0.17392031,0
1.95,24.1,4.499499271,-0.217405199,0.017918635,0.012759171,0.026483638,0.156634961,0
2.19,22.4,4.5476,-0.098191769,0.018002473,-0.058078928,0.025650916,0.052996583,0
2.2,21.7,4.537557116,-0.084395373,0.017812809,-0.000755858,0.026303637,0.067830051,0
2.27,21.8,4.440897331,-0.07535875,0.018150898,0.004545455,0.027361324,-0.062372598,0
2.4,20.5,4.22245,-0.055358368,0.019084099,-0.035871157,0.027364804,-0.042393064,0
2.4,21.7,3.854295829,0.028664927,0.017191435,-0.024187453,0.025134109,0.02603697,0
2.41,22.2,3.368542873,-0.02729832,0.017217543,-0.064633261,0.021654002,0.073282584,0
2.42,22.9,2.633920428,-0.041871586,0.017646068,-0.055718475,0.017077171,0.112452568,0
